사고번호,사고일시,요일,시군구,사고내용,사망자수,중상자수,경상자수,부상신고자수,사고유형,법규위반,노면상태,기상상태,도로형태,가해운전자 차종,가해운전자 성별,가해운전자 연령,가해운전자 상해정도,피해운전자 차종,피해운전자 성별,피해운전자 연령,피해운전자 상해정도
2018032400100221,2018년 3월 24일 12시,토요일,전라남도 담양군 가사문학면,경상사고,0,0,1,0,차대사람 - 횡단중,안전운전불이행,포장 - 건조,맑음,교차로 - 교차로안,승용,남,22세,상해없음,보행자,남,60세,경상
2018032400100342,2018년 3월 24일 16시,토요일,전라남도 순천시 오천동,경상사고,0,0,1,0,차대사람 - 차도통행중,안전운전불이행,포장 - 건조,맑음,단일로 - 기타,승용,여,33세,상해없음,보행자,여,7세,경상
2018032500100009,2018년 3월 25일 00시,일요일,전라남도 해남군 해남읍,경상사고,0,0,1,0,차대사람 - 기타,안전운전불이행,포장 - 건조,맑음,교차로 - 교차로안,승용,남,30세,상해없음,보행자,남,30세,경상
2018032500100104,2018년 3월 25일 10시,일요일,전라남도 나주시 이창동,경상사고,0,0,1,0,차대사람 - 기타,안전운전불이행,포장 - 건조,맑음,단일로 - 기타,화물,남,60세,상해없음,보행자,여,85세,경상
2018032500100152,2018년 3월 25일 12시,일요일,전라남도 광양시 광양읍,중상사고,0,1,0,0,차대사람 - 횡단중,중앙선침범,포장 - 건조,맑음,기타 - 기타,화물,남,51세,상해없음,보행자,남,72세,중상
2018032500100394,2018년 3월 25일 21시,일요일,전라남도 영광군 불갑면,사망사고,1,0,0,0,차대사람 - 횡단중,안전운전불이행,포장 - 젖음/습기,안개,교차로 - 교차로안,화물,남,61세,상해없음,보행자,남,73세,사망
2018032600100162,2018년 3월 26일 10시,월요일,전라남도 순천시 덕암동,중상사고,0,1,0,0,차대사람 - 횡단중,보행자보호의무위반,포장 - 건조,맑음,교차로 - 교차로횡단보도내,화물,남,76세,상해없음,보행자,여,62세,중상
2018032600100506,2018년 3월 26일 20시,월요일,전라남도 여수시 적량동,경상사고,0,0,1,0,차대사람 - 차도통행중,안전운전불이행,포장 - 건조,맑음,단일로 - 기타,기타불명,기타불명,미분류,기타불명,보행자,남,48세,경상
2018032700100061,2018년 3월 27일 07시,화요일,전라남도 여수시 공화동,경상사고,0,0,1,0,차대사람 - 차도통행중,안전운전불이행,포장 - 건조,맑음,교차로 - 교차로부근,화물,남,67세,상해없음,보행자,남,53세,경상
2018032700100096,2018년 3월 27일 08시,화요일,전라남도 순천시 해룡면,중상사고,0,1,0,0,차대사람 - 횡단중,신호위반,포장 - 건조,맑음,교차로 - 교차로횡단보도내,승용,여,51세,상해없음,보행자,남,74세,중상
2018032700100266,2018년 3월 27일 14시,화요일,전라남도 순천시 석현동,사망사고,1,0,0,0,차대사람 - 차도통행중,안전운전불이행,포장 - 건조,맑음,단일로 - 기타,승용,여,71세,상해없음,보행자,남,79세,사망
2018032700100298,2018년 3월 27일 15시,화요일,전라남도 함평군 엄다면,사망사고,1,0,0,0,차대사람 - 횡단중,안전운전불이행,포장 - 건조,맑음,단일로 - 기타,승용,남,56세,상해없음,보행자,남,78세,사망
2018032700100486,2018년 3월 27일 21시,화요일,전라남도 담양군 담양읍,경상사고,0,0,1,0,차대사람 - 횡단중,안전운전불이행,포장 - 건조,맑음,단일로 - 기타,승용,남,37세,상해없음,보행자,남,47세,경상
2018032700100528,2018년 3월 27일 23시,화요일,전라남도 여수시 소라면,중상사고,0,1,0,0,차대사람 - 횡단중,신호위반,포장 - 건조,맑음,교차로 - 교차로횡단보도내,승용,남,27세,상해없음,보행자,남,35세,중상
2018032800100110,2018년 3월 28일 08시,수요일,전라남도 나주시 노안면,경상사고,0,0,1,0,차대사람 - 횡단중,안전운전불이행,포장 - 건조,맑음,단일로 - 기타,승용,여,20세,상해없음,보행자,남,12세,경상
2018032800100140,2018년 3월 28일 09시,수요일,전라남도 광양시 광영동,경상사고,0,0,1,0,차대사람 - 횡단중,안전운전불이행,포장 - 건조,맑음,교차로 - 교차로안,화물,남,28세,상해없음,보행자,남,87세,경상
2018032800100217,2018년 3월 28일 12시,수요일,전라남도 광양시 광양읍,경상사고,0,0,1,0,차대사람 - 횡단중,보행자보호의무위반,포장 - 건조,맑음,교차로 - 교차로횡단보도내,승용,남,65세,상해없음,보행자,여,80세,경상
2018032800100332,2018년 3월 28일 15시,수요일,전라남도 담양군 담양읍,경상사고,0,0,1,0,차대사람 - 차도통행중,안전운전불이행,포장 - 건조,맑음,단일로 - 기타,화물,남,49세,상해없음,보행자,여,90세 이상,경상
2018032800100375,2018년 3월 28일 16시,수요일,전라남도 여수시 안산동,사망사고,1,2,0,0,차대사람 - 보도통행중,중앙선침범,포장 - 건조,맑음,교차로 - 교차로부근,승합,여,37세,상해없음,보행자,여,45세,사망
2018032800100376,2018년 3월 28일 16시,수요일,전라남도 여수시 미평동,경상사고,0,0,1,0,차대사람 - 기타,안전운전불이행,포장 - 건조,맑음,단일로 - 기타,승용,여,31세,상해없음,보행자,남,8세,경상
2018032800100459,2018년 3월 28일 18시,수요일,전라남도 순천시 풍덕동,중상사고,0,1,2,0,차대사람 - 기타,안전운전불이행,포장 - 건조,맑음,단일로 - 기타,승용,여,48세,상해없음,보행자,남,21세,중상
2018032800100461,2018년 3월 28일 18시,수요일,전라남도 해남군 송지면,중상사고,0,1,0,0,차대사람 - 기타,안전운전불이행,포장 - 건조,맑음,기타 - 기타,화물,남,62세,상해없음,보행자,남,66세,중상
2018032800100483,2018년 3월 28일 19시,수요일,전라남도 구례군 산동면,경상사고,0,0,1,0,차대사람 - 기타,안전운전불이행,포장 - 건조,맑음,단일로 - 기타,승합,남,43세,상해없음,보행자,남,64세,경상
2018032900100011,2018년 3월 29일 00시,목요일,전라남도 여수시 여서동,경상사고,0,0,1,0,차대사람 - 길가장자리구역통행중,안전운전불이행,포장 - 건조,맑음,단일로 - 기타,승용,남,51세,상해없음,보행자,남,31세,경상
2018032900100116,2018년 3월 29일 08시,목요일,전라남도 장흥군 장흥읍,사망사고,1,0,0,0,차대사람 - 횡단중,보행자보호의무위반,포장 - 건조,맑음,단일로 - 기타,승용,여,27세,상해없음,보행자,여,86세,사망
2018032900100185,2018년 3월 29일 10시,목요일,전라남도 목포시 상동,경상사고,0,0,1,0,차대사람 - 기타,안전운전불이행,포장 - 건조,맑음,단일로 - 기타,승용,여,45세,상해없음,보행자,남,51세,경상
2018032900100364,2018년 3월 29일 16시,목요일,전라남도 순천시 상사면,경상사고,0,0,1,0,차대사람 - 차도통행중,안전운전불이행,포장 - 건조,맑음,단일로 - 기타,승용,남,45세,상해없음,보행자,남,10세,경상
2018032900100412,2018년 3월 29일 17시,목요일,전라남도 고흥군 도양읍,중상사고,0,1,0,0,차대사람 - 차도통행중,안전운전불이행,포장 - 건조,맑음,단일로 - 기타,승용,여,68세,상해없음,보행자,남,43세,중상
2018032900100476,2018년 3월 29일 19시,목요일,전라남도 순천시 풍덕동,중상사고,0,1,0,0,차대사람 - 차도통행중,안전운전불이행,포장 - 건조,맑음,교차로 - 교차로부근,승용,남,44세,상해없음,보행자,여,67세,중상
2018032900100557,2018년 3월 29일 21시,목요일,전라남도 목포시 상동,경상사고,0,0,1,0,차대사람 - 길가장자리구역통행중,중앙선침범,포장 - 건조,맑음,단일로 - 기타,화물,남,49세,상해없음,보행자,남,64세,경상
2018033000100156,2018년 3월 30일 09시,금요일,전라남도 여수시 충무동,경상사고,0,0,1,0,차대사람 - 횡단중,보행자보호의무위반,포장 - 건조,맑음,교차로 - 교차로횡단보도내,화물,남,63세,상해없음,보행자,남,64세,경상
2018033000100315,2018년 3월 30일 14시,금요일,전라남도 여수시 봉계동,경상사고,0,0,1,0,차대사람 - 횡단중,신호위반,포장 - 건조,맑음,단일로 - 기타,승용,여,25세,상해없음,보행자,남,9세,경상
2018033000100423,2018년 3월 30일 17시,금요일,전라남도 여수시 공화동,경상사고,0,0,1,0,차대사람 - 기타,안전운전불이행,포장 - 건조,맑음,교차로 - 교차로부근,승용,남,62세,상해없음,보행자,남,21세,경상
2018033000100484,2018년 3월 30일 18시,금요일,전라남도 여수시 충무동,경상사고,0,0,1,0,차대사람 - 차도통행중,안전운전불이행,포장 - 건조,맑음,단일로 - 기타,화물,남,48세,상해없음,보행자,여,58세,경상
2018033000100592,2018년 3월 30일 21시,금요일,전라남도 여수시 여서동,경상사고,0,0,1,0,차대사람 - 횡단중,안전운전불이행,포장 - 건조,맑음,교차로 - 교차로부근,승용,남,46세,상해없음,보행자,남,37세,경상
2018033100100088,2018년 3월 31일 06시,토요일,전라남도 순천시 덕암동,경상사고,0,0,1,0,차대사람 - 기타,안전운전불이행,포장 - 건조,맑음,단일로 - 기타,화물,남,66세,상해없음,보행자,남,58세,경상
2018033100100548,2018년 3월 31일 21시,토요일,전라남도 순천시 매곡동,중상사고,0,1,0,0,차대사람 - 차도통행중,안전운전불이행,포장 - 건조,맑음,교차로 - 교차로부근,승용,남,69세,상해없음,보행자,남,49세,중상
2018033100100577,2018년 3월 31일 22시,토요일,전라남도 나주시 삼영동,중상사고,0,1,0,0,차대사람 - 차도통행중,안전운전불이행,포장 - 건조,맑음,단일로 - 기타,승용,남,26세,상해없음,보행자,남,56세,중상
2018033100100599,2018년 3월 31일 23시,토요일,전라남도 순천시 연향동,경상사고,0,0,1,0,차대사람 - 기타,안전운전불이행,포장 - 건조,맑음,단일로 - 기타,승용,남,55세,상해없음,보행자,여,28세,경상
2018040100100168,2018년 4월 1일 11시,일요일,전라남도 여수시 웅천동,경상사고,0,0,1,0,차대사람 - 횡단중,신호위반,포장 - 건조,맑음,교차로 - 교차로부근,건설기계,남,49세,상해없음,보행자,여,31세,경상
2018040100100186,2018년 4월 1일 12시,일요일,전라남도 영광군 염산면,중상사고,0,1,0,0,차대사람 - 기타,안전운전불이행,포장 - 건조,맑음,교차로 - 교차로안,승용,남,38세,상해없음,보행자,남,11세,중상
2018040100100376,2018년 4월 1일 19시,일요일,전라남도 목포시 용당동,중상사고,0,1,0,0,차대사람 - 횡단중,안전운전불이행,포장 - 건조,맑음,단일로 - 기타,이륜,남,17세,상해없음,보행자,여,64세,중상
2018040200100048,2018년 4월 2일 05시,월요일,전라남도 목포시 상동,중상사고,0,1,0,0,차대사람 - 횡단중,보행자보호의무위반,포장 - 건조,맑음,교차로 - 교차로횡단보도내,승용,남,41세,상해없음,보행자,여,59세,중상
2018040200100191,2018년 4월 2일 10시,월요일,전라남도 광양시 중동,경상사고,0,0,1,0,차대사람 - 보도통행중,기타,포장 - 건조,맑음,기타 - 기타,자전거,여,70세,상해없음,보행자,여,70세,경상
2018040200100219,2018년 4월 2일 11시,월요일,전라남도 목포시 상동,경상사고,0,0,1,0,차대사람 - 기타,안전운전불이행,포장 - 건조,맑음,단일로 - 기타,승용,여,47세,상해없음,보행자,여,61세,경상
2018040200100220,2018년 4월 2일 11시,월요일,전라남도 여수시 웅천동,중상사고,0,1,0,0,차대사람 - 횡단중,안전운전불이행,포장 - 건조,맑음,단일로 - 기타,화물,남,40세,상해없음,보행자,여,59세,중상
2018040200100343,2018년 4월 2일 15시,월요일,전라남도 장흥군 장흥읍,중상사고,0,1,0,0,차대사람 - 차도통행중,안전운전불이행,포장 - 건조,맑음,단일로 - 기타,승용,여,66세,상해없음,보행자,여,66세,중상
2018040200100566,2018년 4월 2일 21시,월요일,전라남도 여수시 학동,경상사고,0,0,1,0,차대사람 - 길가장자리구역통행중,안전운전불이행,포장 - 건조,맑음,단일로 - 기타,승용,남,25세,상해없음,보행자,남,29세,경상
2018040300100326,2018년 4월 3일 14시,화요일,전라남도 보성군 회천면,경상사고,0,0,1,0,차대사람 - 차도통행중,안전운전불이행,포장 - 건조,맑음,단일로 - 기타,화물,남,66세,상해없음,보행자,여,77세,경상
2018040300100359,2018년 4월 3일 15시,화요일,전라남도 순천시 생목동,중상사고,0,1,0,0,차대사람 - 기타,안전운전불이행,포장 - 건조,맑음,단일로 - 기타,승용,남,23세,상해없음,보행자,여,70세,중상
2018040300100433,2018년 4월 3일 17시,화요일,전라남도 담양군 담양읍,경상사고,0,0,1,0,차대사람 - 기타,안전운전불이행,포장 - 건조,맑음,기타 - 기타,원동기,남,59세,상해없음,보행자,여,9세,경상
2018040300100513,2018년 4월 3일 19시,화요일,전라남도 광양시 광양읍,경상사고,0,0,1,0,차대사람 - 횡단중,안전운전불이행,포장 - 건조,맑음,교차로 - 교차로안,화물,남,22세,상해없음,보행자,여,47세,경상
2018040400100076,2018년 4월 4일 05시,수요일,전라남도 여수시 묘도동,사망사고,1,0,0,0,차대사람 - 차도통행중,안전운전불이행,포장 - 건조,맑음,단일로 - 기타,화물,남,56세,상해없음,보행자,여,63세,사망
2018040400100151,2018년 4월 4일 08시,수요일,전라남도 완도군 완도읍,경상사고,0,0,1,0,차대사람 - 보도통행중,기타,포장 - 건조,맑음,단일로 - 기타,화물,남,34세,상해없음,보행자,여,36세,경상
2018040400100175,2018년 4월 4일 09시,수요일,전라남도 순천시 조례동,경상사고,0,0,1,0,차대사람 - 차도통행중,안전운전불이행,포장 - 건조,맑음,기타 - 기타,승용,여,66세,상해없음,보행자,남,30세,경상
2018040400100177,2018년 4월 4일 09시,수요일,전라남도 영암군 도포면,중상사고,0,1,0,0,차대사람 - 횡단중,안전운전불이행,포장 - 젖음/습기,비,단일로 - 기타,승용,여,58세,상해없음,보행자,여,77세,중상
2018040400100219,2018년 4월 4일 10시,수요일,전라남도 완도군 고금면,경상사고,0,0,1,0,차대사람 - 기타,안전운전불이행,포장 - 건조,맑음,기타 - 기타,승용,남,77세,상해없음,보행자,여,83세,경상
2018040400100387,2018년 4월 4일 16시,수요일,전라남도 영광군 홍농읍,경상사고,0,0,1,0,차대사람 - 길가장자리구역통행중,안전운전불이행,포장 - 건조,맑음,기타 - 기타,승용,여,42세,상해없음,보행자,여,81세,경상
2018040400100457,2018년 4월 4일 18시,수요일,전라남도 광양시 광영동,경상사고,0,0,1,0,차대사람 - 횡단중,안전운전불이행,포장 - 젖음/습기,비,교차로 - 교차로안,승용,남,64세,상해없음,보행자,여,59세,경상
2018040400100532,2018년 4월 4일 20시,수요일,전라남도 목포시 상동,경상사고,0,0,1,0,차대사람 - 횡단중,신호위반,포장 - 건조,맑음,교차로 - 교차로횡단보도내,원동기,남,51세,상해없음,보행자,여,28세,경상
2018040400100533,2018년 4월 4일 20시,수요일,전라남도 순천시 오천동,경상사고,0,0,1,0,차대사람 - 횡단중,안전운전불이행,포장 - 건조,맑음,교차로 - 교차로안,승용,여,28세,상해없음,보행자,남,45세,경상
2018040500100379,2018년 4월 5일 17시,목요일,전라남도 여수시 웅천동,중상사고,0,1,0,0,차대사람 - 횡단중,안전운전불이행,포장 - 건조,맑음,단일로 - 기타,승용,남,34세,상해없음,보행자,여,69세,중상
2018040500100415,2018년 4월 5일 18시,목요일,전라남도 해남군 해남읍,중상사고,0,1,0,0,차대사람 - 기타,안전운전불이행,포장 - 젖음/습기,비,단일로 - 기타,화물,남,48세,상해없음,보행자,남,36세,중상
2018040500100468,2018년 4월 5일 19시,목요일,전라남도 목포시 대안동,경상사고,0,0,1,0,차대사람 - 기타,안전운전불이행,포장 - 젖음/습기,비,단일로 - 기타,승용,남,43세,상해없음,보행자,남,25세,경상
2018040500100530,2018년 4월 5일 20시,목요일,전라남도 순천시 조례동,경상사고,0,0,1,0,차대사람 - 횡단중,안전운전불이행,포장 - 젖음/습기,비,교차로 - 교차로부근,승용,남,48세,상해없음,보행자,남,44세,경상
2018040500100531,2018년 4월 5일 20시,목요일,전라남도 영광군 염산면,중상사고,0,1,0,0,차대사람 - 기타,안전운전불이행,포장 - 젖음/습기,비,단일로 - 기타,화물,남,58세,상해없음,보행자,남,69세,중상
2018040600100249,2018년 4월 6일 11시,금요일,전라남도 영광군 영광읍,경상사고,0,0,1,0,차대사람 - 횡단중,보행자보호의무위반,포장 - 건조,맑음,교차로 - 교차로횡단보도내,화물,남,71세,상해없음,보행자,여,73세,경상
2018040700100457,2018년 4월 7일 17시,토요일,전라남도 완도군 금당면,중상사고,0,1,0,0,차대사람 - 기타,안전운전불이행,포장 - 건조,맑음,단일로 - 기타,화물,남,43세,상해없음,보행자,여,34세,중상
2018040700100638,2018년 4월 7일 22시,토요일,전라남도 순천시 연향동,경상사고,0,0,2,0,차대사람 - 기타,안전운전불이행,포장 - 건조,맑음,단일로 - 기타,승용,남,25세,상해없음,보행자,여,20세,경상
2018040800100099,2018년 4월 8일 07시,일요일,전라남도 여수시 교동,중상사고,0,1,0,0,차대사람 - 횡단중,안전운전불이행,포장 - 건조,맑음,단일로 - 기타,승용,남,59세,상해없음,보행자,여,85세,중상
2018040800100145,2018년 4월 8일 10시,일요일,전라남도 순천시 저전동,중상사고,0,1,0,0,차대사람 - 횡단중,안전운전불이행,포장 - 건조,맑음,단일로 - 기타,승용,여,60세,상해없음,보행자,남,12세,중상
2018040800100240,2018년 4월 8일 14시,일요일,전라남도 구례군 구례읍,경상사고,0,0,1,0,차대사람 - 횡단중,안전운전불이행,포장 - 건조,맑음,단일로 - 기타,이륜,남,71세,상해없음,보행자,여,84세,경상
2018040800100384,2018년 4월 8일 18시,일요일,전라남도 광양시 중동,중상사고,0,1,0,0,차대사람 - 기타,안전운전불이행,포장 - 건조,맑음,단일로 - 기타,승용,남,38세,상해없음,보행자,여,5세,중상
2018040900100078,2018년 4월 9일 07시,월요일,전라남도 광양시 태인동,중상사고,0,1,0,0,차대사람 - 기타,안전운전불이행,포장 - 건조,맑음,교차로 - 교차로부근,화물,남,21세,상해없음,보행자,남,45세,중상
2018040900100184,2018년 4월 9일 10시,월요일,전라남도 영암군 신북면,중상사고,0,1,0,0,차대사람 - 기타,안전운전불이행,포장 - 건조,맑음,단일로 - 기타,승용,남,55세,상해없음,보행자,남,85세,중상
2018040900100222,2018년 4월 9일 11시,월요일,전라남도 광양시 광양읍,중상사고,0,1,0,0,차대사람 - 횡단중,보행자보호의무위반,포장 - 건조,맑음,교차로 - 교차로횡단보도내,승합,남,51세,상해없음,보행자,여,83세,중상
2018040900100450,2018년 4월 9일 17시,월요일,전라남도 순천시 연향동,경상사고,0,0,1,0,차대사람 - 횡단중,보행자보호의무위반,포장 - 건조,맑음,교차로 - 교차로부근,승용,남,47세,상해없음,보행자,남,21세,경상
2018040900100451,2018년 4월 9일 17시,월요일,전라남도 나주시 문평면,중상사고,0,1,0,0,차대사람 - 기타,안전운전불이행,포장 - 건조,맑음,단일로 - 기타,원동기,남,52세,중상,보행자,여,80세,상해없음
2018041000100161,2018년 4월 10일 09시,화요일,전라남도 해남군 해남읍,경상사고,0,0,1,0,차대사람 - 차도통행중,안전운전불이행,포장 - 건조,맑음,교차로 - 교차로안,승용,여,38세,상해없음,보행자,남,57세,경상
2018041000100417,2018년 4월 10일 17시,화요일,전라남도 영광군 영광읍,경상사고,0,0,1,0,차대사람 - 기타,안전운전불이행,포장 - 건조,맑음,교차로 - 교차로안,승용,여,33세,상해없음,보행자,남,8세,경상
2018041000100532,2018년 4월 10일 20시,화요일,전라남도 장흥군 장흥읍,중상사고,0,1,0,0,차대사람 - 보도통행중,신호위반,포장 - 건조,맑음,교차로 - 교차로횡단보도내,승용,여,54세,상해없음,보행자,남,17세,중상
2018041000100622,2018년 4월 10일 22시,화요일,전라남도 화순군 화순읍,경상사고,0,0,1,0,차대사람 - 횡단중,안전운전불이행,포장 - 건조,맑음,교차로 - 교차로안,승용,여,36세,상해없음,보행자,남,55세,경상
2018041100100038,2018년 4월 11일 03시,수요일,전라남도 목포시 옥암동,중상사고,0,1,0,0,차대사람 - 횡단중,보행자보호의무위반,포장 - 건조,맑음,교차로 - 교차로횡단보도내,승용,여,42세,상해없음,보행자,남,23세,중상
2018041100100079,2018년 4월 11일 07시,수요일,전라남도 고흥군 도화면,중상사고,0,1,0,0,차대사람 - 횡단중,안전운전불이행,포장 - 건조,맑음,단일로 - 기타,화물,남,23세,상해없음,보행자,여,85세,중상
2018041100100114,2018년 4월 11일 08시,수요일,전라남도 목포시 용당동,중상사고,0,1,0,0,차대사람 - 기타,안전운전불이행,포장 - 건조,맑음,단일로 - 기타,승용,남,42세,상해없음,보행자,여,63세,중상
2018041100100116,2018년 4월 11일 08시,수요일,전라남도 장흥군 장흥읍,경상사고,0,0,1,0,차대사람 - 길가장자리구역통행중,안전운전불이행,포장 - 건조,맑음,교차로 - 교차로안,화물,여,62세,상해없음,보행자,남,48세,경상
2018041100100183,2018년 4월 11일 10시,수요일,전라남도 함평군 신광면,경상사고,0,0,1,0,차대사람 - 기타,안전운전불이행,포장 - 건조,맑음,단일로 - 기타,승합,남,56세,상해없음,보행자,여,71세,경상
2018041100100209,2018년 4월 11일 11시,수요일,전라남도 순천시 해룡면,중상사고,0,1,0,0,차대사람 - 차도통행중,안전운전불이행,포장 - 건조,맑음,단일로 - 기타,특수,남,46세,상해없음,보행자,여,75세,중상
2018041100100591,2018년 4월 11일 22시,수요일,전라남도 여수시 선원동,사망사고,1,0,0,0,차대사람 - 횡단중,신호위반,포장 - 건조,맑음,단일로 - 기타,승용,여,36세,상해없음,보행자,남,53세,사망
2018041200100127,2018년 4월 12일 08시,목요일,전라남도 순천시 해룡면,경상사고,0,0,1,0,차대사람 - 기타,안전운전불이행,포장 - 건조,맑음,단일로 - 기타,승합,남,55세,상해없음,보행자,여,77세,경상
2018041200100320,2018년 4월 12일 14시,목요일,전라남도 목포시 상동,중상사고,0,1,0,0,차대사람 - 기타,안전운전불이행,포장 - 건조,맑음,단일로 - 기타,승용,남,65세,상해없음,보행자,여,59세,중상
2018041200100322,2018년 4월 12일 14시,목요일,전라남도 순천시 저전동,경상사고,0,0,1,0,차대사람 - 횡단중,보행자보호의무위반,포장 - 건조,맑음,단일로 - 기타,승용,여,47세,상해없음,보행자,남,10세,경상
2018041200100323,2018년 4월 12일 14시,목요일,전라남도 보성군 득량면,경상사고,0,0,1,0,차대사람 - 길가장자리구역통행중,안전운전불이행,포장 - 건조,맑음,단일로 - 기타,화물,남,47세,상해없음,보행자,남,32세,경상
2018041200100392,2018년 4월 12일 16시,목요일,전라남도 완도군 완도읍,중상사고,0,1,0,0,차대사람 - 횡단중,안전운전불이행,포장 - 건조,맑음,단일로 - 기타,승용,남,55세,상해없음,보행자,남,73세,중상
2018041200100515,2018년 4월 12일 19시,목요일,전라남도 순천시 조곡동,중상사고,0,1,0,0,차대사람 - 횡단중,보행자보호의무위반,포장 - 건조,맑음,단일로 - 기타,승용,남,64세,상해없음,보행자,여,70세,중상
2018041300100020,2018년 4월 13일 01시,금요일,전라남도 순천시 해룡면,중상사고,0,1,0,0,차대사람 - 기타,안전운전불이행,포장 - 건조,맑음,단일로 - 기타,승용,남,52세,상해없음,보행자,남,35세,중상
2018041300100174,2018년 4월 13일 09시,금요일,전라남도 순천시 장천동,경상사고,0,0,1,0,차대사람 - 기타,안전운전불이행,포장 - 건조,맑음,단일로 - 기타,기타불명,기타불명,미분류,기타불명,보행자,남,68세,경상
2018041300100176,2018년 4월 13일 09시,금요일,전라남도 완도군 고금면,중상사고,0,1,0,0,차대사람 - 횡단중,안전운전불이행,포장 - 건조,맑음,단일로 - 기타,승용,여,36세,상해없음,보행자,여,61세,중상
2018041300100201,2018년 4월 13일 10시,금요일,전라남도 목포시 용해동,경상사고,0,0,1,0,차대사람 - 길가장자리구역통행중,기타,포장 - 건조,맑음,단일로 - 기타,기타불명,기타불명,미분류,기타불명,보행자,여,68세,경상
2018041300100433,2018년 4월 13일 17시,금요일,전라남도 여수시 학동,중상사고,0,1,0,0,차대사람 - 횡단중,보행자보호의무위반,포장 - 건조,맑음,단일로 - 기타,승용,남,35세,상해없음,보행자,여,68세,중상
2018041300100588,2018년 4월 13일 21시,금요일,전라남도 순천시 덕암동,경상사고,0,0,1,0,차대사람 - 횡단중,신호위반,포장 - 건조,맑음,단일로 - 기타,승용,남,54세,상해없음,보행자,여,62세,경상
2018041400100035,2018년 4월 14일 01시,토요일,전라남도 여수시 학동,중상사고,0,1,0,0,차대사람 - 길가장자리구역통행중,안전운전불이행,포장 - 건조,맑음,교차로 - 교차로안,승용,남,52세,상해없음,보행자,남,43세,중상
2018041400100274,2018년 4월 14일 12시,토요일,전라남도 영암군 영암읍,중상사고,0,1,0,0,차대사람 - 횡단중,안전운전불이행,포장 - 건조,맑음,교차로 - 교차로부근,화물,남,54세,상해없음,보행자,여,72세,중상
2018041400100340,2018년 4월 14일 14시,토요일,전라남도 여수시 여서동,경상사고,0,0,1,0,차대사람 - 기타,안전운전불이행,포장 - 젖음/습기,비,단일로 - 기타,승용,남,26세,상해없음,보행자,여,55세,경상
2018041500100309,2018년 4월 15일 16시,일요일,전라남도 고흥군 도양읍,중상사고,0,1,0,0,차대사람 - 길가장자리구역통행중,교차로운행방법위반,포장 - 건조,맑음,교차로 - 교차로안,승용,남,68세,상해없음,보행자,남,71세,중상
2018041500100341,2018년 4월 15일 17시,일요일,전라남도 순천시 조례동,경상사고,0,0,1,0,차대사람 - 기타,기타,포장 - 건조,맑음,단일로 - 기타,승용,남,46세,상해없음,보행자,남,7세,경상
2018041600100173,2018년 4월 16일 09시,월요일,전라남도 보성군 벌교읍,중상사고,0,1,0,0,차대사람 - 횡단중,안전운전불이행,포장 - 건조,맑음,단일로 - 기타,건설기계,남,44세,상해없음,보행자,남,84세,중상
2018041600100467,2018년 4월 16일 18시,월요일,전라남도 보성군 보성읍,경상사고,0,0,1,0,차대사람 - 횡단중,보행자보호의무위반,포장 - 건조,맑음,단일로 - 기타,승용,남,27세,상해없음,보행자,남,7세,경상
2018041700100050,2018년 4월 17일 05시,화요일,전라남도 장흥군 회진면,중상사고,0,1,0,0,차대사람 - 기타,안전운전불이행,포장 - 젖음/습기,맑음,단일로 - 기타,건설기계,남,58세,상해없음,보행자,남,50세,중상
2018041700100081,2018년 4월 17일 07시,화요일,전라남도 영암군 삼호읍,중상사고,0,1,0,0,차대사람 - 횡단중,보행자보호의무위반,포장 - 건조,맑음,교차로 - 교차로횡단보도내,화물,남,43세,상해없음,보행자,여,57세,중상
2018041700100148,2018년 4월 17일 09시,화요일,전라남도 신안군 안좌면,경상사고,0,0,1,0,차대사람 - 차도통행중,안전운전불이행,포장 - 건조,맑음,단일로 - 기타,자전거,남,68세,상해없음,보행자,여,60세,경상
2018041700100307,2018년 4월 17일 14시,화요일,전라남도 여수시 미평동,중상사고,0,1,0,0,차대사람 - 횡단중,신호위반,포장 - 건조,맑음,교차로 - 교차로횡단보도내,승용,남,25세,상해없음,보행자,여,10세,중상
2018041700100308,2018년 4월 17일 14시,화요일,전라남도 강진군 대구면,경상사고,0,0,1,0,차대사람 - 기타,안전운전불이행,포장 - 건조,맑음,단일로 - 기타,승용,여,69세,상해없음,보행자,남,74세,경상
2018041700100497,2018년 4월 17일 19시,화요일,전라남도 목포시 옥암동,경상사고,0,0,1,0,차대사람 - 차도통행중,안전운전불이행,포장 - 건조,맑음,단일로 - 기타,기타불명,기타불명,미분류,기타불명,보행자,여,20세,경상
2018041700100562,2018년 4월 17일 21시,화요일,전라남도 여수시 미평동,경상사고,0,0,1,0,차대사람 - 기타,안전운전불이행,포장 - 건조,맑음,교차로 - 교차로안,승용,남,58세,상해없음,보행자,남,19세,경상
2018041800100382,2018년 4월 18일 16시,수요일,전라남도 목포시 호남동,경상사고,0,0,1,0,차대사람 - 길가장자리구역통행중,안전운전불이행,포장 - 건조,맑음,교차로 - 교차로부근,기타불명,기타불명,미분류,기타불명,보행자,여,67세,경상