사고번호,사고일시,요일,시군구,사고내용,사망자수,중상자수,경상자수,부상신고자수,사고유형,법규위반,노면상태,기상상태,도로형태,가해운전자 차종,가해운전자 성별,가해운전자 연령,가해운전자 상해정도,피해운전자 차종,피해운전자 성별,피해운전자 연령,피해운전자 상해정도
2018090500100140,2018년 9월 5일 08시,수요일,전라남도 보성군 벌교읍,중상사고,0,1,0,0,차대사람 - 길가장자리구역통행중,안전운전불이행,포장 - 건조,맑음,단일로 - 기타,승용,남,75세,상해없음,보행자,여,79세,중상
2018090500100250,2018년 9월 5일 11시,수요일,전라남도 진도군 의신면,중상사고,0,1,0,0,차대사람 - 기타,안전운전불이행,포장 - 건조,맑음,기타 - 기타,화물,남,76세,상해없음,보행자,남,80세,중상
2018090500100407,2018년 9월 5일 16시,수요일,전라남도 여수시 학동,경상사고,0,0,1,0,차대사람 - 기타,안전운전불이행,포장 - 건조,맑음,교차로 - 교차로안,화물,남,53세,상해없음,보행자,여,36세,경상
2018090500100559,2018년 9월 5일 19시,수요일,전라남도 광양시 마동,중상사고,0,1,0,0,차대사람 - 횡단중,안전운전불이행,포장 - 건조,맑음,단일로 - 기타,승용,여,46세,상해없음,보행자,남,7세,중상
2018090600100047,2018년 9월 6일 05시,목요일,전라남도 강진군 성전면,사망사고,1,0,0,0,차대사람 - 횡단중,안전운전불이행,포장 - 건조,맑음,단일로 - 기타,승용,남,49세,상해없음,보행자,여,79세,사망
2018090600100058,2018년 9월 6일 06시,목요일,전라남도 순천시 연향동,중상사고,0,1,0,0,차대사람 - 기타,안전운전불이행,포장 - 건조,맑음,단일로 - 기타,승합,남,46세,상해없음,보행자,여,17세,중상
2018090600100105,2018년 9월 6일 08시,목요일,전라남도 해남군 화산면,경상사고,0,0,1,0,차대사람 - 기타,안전운전불이행,포장 - 건조,맑음,단일로 - 기타,사륜오토바이(ATV),남,75세,상해없음,보행자,남,64세,경상
2018090600100213,2018년 9월 6일 12시,목요일,전라남도 순천시 해룡면,중상사고,0,1,0,0,차대사람 - 횡단중,보행자보호의무위반,포장 - 건조,맑음,교차로 - 교차로횡단보도내,승용,여,24세,상해없음,보행자,여,7세,중상
2018090600100373,2018년 9월 6일 17시,목요일,전라남도 여수시 신기동,경상사고,0,0,1,0,차대사람 - 차도통행중,안전운전불이행,포장 - 건조,맑음,교차로 - 교차로안,승용,여,54세,상해없음,보행자,남,12세,경상
2018090600100374,2018년 9월 6일 17시,목요일,전라남도 순천시 동외동,경상사고,0,0,1,0,차대사람 - 기타,안전운전불이행,포장 - 건조,맑음,단일로 - 기타,승용,남,56세,상해없음,보행자,남,16세,경상
2018090600100455,2018년 9월 6일 19시,목요일,전라남도 신안군 지도읍,중상사고,0,1,0,0,차대사람 - 기타,안전운전불이행,포장 - 건조,맑음,단일로 - 기타,기타불명,기타불명,미분류,기타불명,보행자,남,55세,중상
2018090700100150,2018년 9월 7일 08시,금요일,전라남도 목포시 산정동,경상사고,0,0,1,0,차대사람 - 차도통행중,안전운전불이행,포장 - 건조,맑음,단일로 - 기타,승용,남,55세,상해없음,보행자,여,45세,경상
2018090700100366,2018년 9월 7일 14시,금요일,전라남도 목포시 연산동,경상사고,0,0,1,0,차대사람 - 기타,안전운전불이행,포장 - 건조,맑음,단일로 - 기타,기타불명,기타불명,미분류,기타불명,보행자,여,47세,경상
2018090700100405,2018년 9월 7일 15시,금요일,전라남도 목포시 용당동,경상사고,0,0,1,0,차대사람 - 기타,안전운전불이행,포장 - 건조,맑음,단일로 - 기타,승용,여,45세,상해없음,보행자,남,25세,경상
2018090700100406,2018년 9월 7일 15시,금요일,전라남도 순천시 해룡면,중상사고,0,1,0,0,차대사람 - 횡단중,안전운전불이행,포장 - 건조,맑음,교차로 - 교차로안,화물,남,54세,상해없음,보행자,남,7세,중상
2018090800100208,2018년 9월 8일 10시,토요일,전라남도 여수시 여서동,경상사고,0,0,1,0,차대사람 - 횡단중,신호위반,포장 - 건조,맑음,교차로 - 교차로횡단보도내,승용,여,56세,상해없음,보행자,남,11세,경상
2018090800100245,2018년 9월 8일 11시,토요일,전라남도 여수시 광무동,경상사고,0,0,1,0,차대사람 - 보도통행중,기타,포장 - 건조,맑음,기타 - 기타,화물,남,29세,상해없음,보행자,여,61세,경상
2018090800100295,2018년 9월 8일 12시,토요일,전라남도 진도군 지산면,경상사고,0,0,1,0,차대사람 - 기타,안전운전불이행,포장 - 건조,맑음,교차로 - 교차로안,승용,남,74세,상해없음,보행자,남,69세,경상
2018090800100333,2018년 9월 8일 13시,토요일,전라남도 해남군 해남읍,경상사고,0,0,1,0,차대사람 - 기타,안전운전불이행,포장 - 건조,맑음,단일로 - 기타,기타불명,기타불명,미분류,기타불명,보행자,여,49세,경상
2018090800100370,2018년 9월 8일 14시,토요일,전라남도 순천시 덕암동,경상사고,0,0,1,0,차대사람 - 보도통행중,안전운전불이행,포장 - 건조,맑음,단일로 - 기타,승용,남,46세,상해없음,보행자,여,69세,경상
2018090800100479,2018년 9월 8일 17시,토요일,전라남도 목포시 용해동,중상사고,0,1,0,0,차대사람 - 기타,안전운전불이행,포장 - 건조,맑음,교차로 - 교차로부근,승용,여,42세,상해없음,보행자,남,3세,중상
2018090800100521,2018년 9월 8일 18시,토요일,전라남도 순천시 왕지동,경상사고,0,0,1,0,차대사람 - 기타,보행자보호의무위반,포장 - 건조,맑음,교차로 - 교차로횡단보도내,승용,여,37세,상해없음,보행자,여,64세,경상
2018090800100643,2018년 9월 8일 22시,토요일,전라남도 순천시 매곡동,중상사고,0,1,0,0,차대사람 - 기타,안전운전불이행,포장 - 건조,맑음,단일로 - 기타,승용,여,37세,상해없음,보행자,남,50세,중상
2018090800100644,2018년 9월 8일 22시,토요일,전라남도 해남군 문내면,사망사고,1,0,0,0,차대사람 - 횡단중,안전운전불이행,포장 - 건조,맑음,단일로 - 기타,승용,남,64세,상해없음,보행자,남,66세,사망
2018090800100667,2018년 9월 8일 23시,토요일,전라남도 완도군 완도읍,경상사고,0,0,1,0,차대사람 - 기타,안전운전불이행,포장 - 건조,맑음,교차로 - 교차로안,승용,여,54세,상해없음,보행자,남,44세,경상
2018090900100046,2018년 9월 9일 02시,일요일,전라남도 장흥군 장흥읍,경상사고,0,0,1,0,차대사람 - 길가장자리구역통행중,안전운전불이행,포장 - 건조,맑음,교차로 - 교차로부근,승용,남,20세,상해없음,보행자,남,58세,경상
2018090900100276,2018년 9월 9일 14시,일요일,전라남도 영광군 영광읍,경상사고,0,0,1,0,차대사람 - 횡단중,안전운전불이행,포장 - 건조,맑음,단일로 - 기타,승합,남,61세,상해없음,보행자,남,71세,경상
2018091000100090,2018년 9월 10일 07시,월요일,전라남도 화순군 화순읍,경상사고,0,0,1,0,차대사람 - 차도통행중,보행자보호의무위반,포장 - 건조,맑음,단일로 - 기타,승용,여,44세,상해없음,보행자,남,8세,경상
2018091000100240,2018년 9월 10일 10시,월요일,전라남도 담양군 대전면,중상사고,0,1,0,0,차대사람 - 차도통행중,안전운전불이행,포장 - 건조,맑음,교차로 - 교차로부근,승용,남,43세,상해없음,보행자,남,84세,중상
2018091000100464,2018년 9월 10일 16시,월요일,전라남도 목포시 상동,경상사고,0,0,1,0,차대사람 - 횡단중,보행자보호의무위반,포장 - 건조,맑음,단일로 - 기타,승용,여,30세,기타불명,보행자,남,36세,경상
2018091000100510,2018년 9월 10일 17시,월요일,전라남도 여수시 신기동,중상사고,0,1,0,0,차대사람 - 길가장자리구역통행중,안전운전불이행,포장 - 건조,맑음,단일로 - 기타,승용,여,49세,상해없음,보행자,여,60세,중상
2018091000100511,2018년 9월 10일 17시,월요일,전라남도 여수시 여서동,중상사고,0,1,0,0,차대사람 - 횡단중,보행자보호의무위반,포장 - 건조,맑음,교차로 - 교차로부근,승용,남,68세,상해없음,보행자,남,12세,중상
2018091000100512,2018년 9월 10일 17시,월요일,전라남도 나주시 빛가람동,경상사고,0,0,1,0,차대사람 - 횡단중,신호위반,포장 - 건조,맑음,교차로 - 교차로횡단보도내,승용,남,26세,상해없음,보행자,여,10세,경상
2018091000100616,2018년 9월 10일 19시,월요일,전라남도 강진군 강진읍,중상사고,0,1,0,0,차대사람 - 길가장자리구역통행중,안전운전불이행,포장 - 건조,흐림,단일로 - 기타,승용,남,49세,상해없음,보행자,여,20세,중상
2018091000100736,2018년 9월 10일 23시,월요일,전라남도 여수시 학동,경상사고,0,0,1,0,차대사람 - 횡단중,안전운전불이행,포장 - 건조,맑음,교차로 - 교차로부근,승용,여,25세,상해없음,보행자,남,21세,경상
2018091100100007,2018년 9월 11일 00시,화요일,전라남도 담양군 금성면,중상사고,0,1,0,0,차대사람 - 기타,안전운전불이행,포장 - 건조,맑음,단일로 - 기타,화물,남,78세,상해없음,보행자,여,85세,중상
2018091100100112,2018년 9월 11일 08시,화요일,전라남도 보성군 벌교읍,중상사고,0,1,0,0,차대사람 - 횡단중,중앙선침범,포장 - 건조,맑음,교차로 - 교차로부근,승용,여,49세,상해없음,보행자,남,75세,중상
2018091100100191,2018년 9월 11일 10시,화요일,전라남도 해남군 해남읍,중상사고,0,1,0,0,차대사람 - 기타,안전운전불이행,포장 - 건조,맑음,단일로 - 기타,이륜,남,45세,상해없음,보행자,여,76세,중상
2018091100100277,2018년 9월 11일 13시,화요일,전라남도 함평군 엄다면,중상사고,0,1,0,0,차대사람 - 기타,안전운전불이행,포장 - 건조,맑음,기타 - 기타,화물,남,47세,상해없음,보행자,남,79세,중상
2018091100100310,2018년 9월 11일 14시,화요일,전라남도 여수시 교동,경상사고,0,0,1,0,차대사람 - 횡단중,안전운전불이행,포장 - 건조,맑음,교차로 - 교차로안,화물,여,43세,상해없음,보행자,여,54세,경상
2018091100100491,2018년 9월 11일 19시,화요일,전라남도 나주시 송월동,중상사고,0,1,0,0,차대사람 - 횡단중,안전운전불이행,포장 - 건조,맑음,교차로 - 교차로부근,승용,여,29세,상해없음,보행자,여,79세,중상
2018091200100661,2018년 9월 12일 20시,수요일,전라남도 목포시 산정동,부상신고사고,0,0,0,1,차대사람 - 기타,안전운전불이행,포장 - 건조,맑음,단일로 - 기타,기타불명,기타불명,미분류,기타불명,보행자,남,76세,부상신고
2018091300100043,2018년 9월 13일 03시,목요일,전라남도 목포시 축복동3가,중상사고,0,1,0,0,차대사람 - 기타,안전운전불이행,포장 - 건조,맑음,기타 - 기타,승용,남,43세,상해없음,보행자,남,56세,중상
2018091300100092,2018년 9월 13일 07시,목요일,전라남도 고흥군 고흥읍,중상사고,0,1,0,0,차대사람 - 기타,안전운전불이행,포장 - 건조,맑음,교차로 - 교차로부근,화물,남,60세,상해없음,보행자,여,79세,중상
2018091300100131,2018년 9월 13일 08시,목요일,전라남도 무안군 일로읍,중상사고,0,1,0,0,차대사람 - 횡단중,안전운전불이행,포장 - 젖음/습기,비,교차로 - 교차로부근,화물,남,62세,상해없음,보행자,여,81세,중상
2018091300100253,2018년 9월 13일 12시,목요일,전라남도 영암군 시종면,중상사고,0,1,0,0,차대사람 - 횡단중,안전운전불이행,포장 - 젖음/습기,흐림,교차로 - 교차로안,화물,남,44세,상해없음,보행자,여,70세,중상
2018091300100598,2018년 9월 13일 20시,목요일,전라남도 목포시 옥암동,중상사고,0,1,0,0,차대사람 - 기타,안전운전불이행,포장 - 젖음/습기,비,단일로 - 기타,특수,남,32세,상해없음,보행자,남,64세,중상
2018091300100599,2018년 9월 13일 20시,목요일,전라남도 보성군 보성읍,중상사고,0,1,0,0,차대사람 - 횡단중,보행자보호의무위반,포장 - 젖음/습기,흐림,단일로 - 기타,승용,여,46세,상해없음,보행자,여,76세,중상
2018091400100036,2018년 9월 14일 01시,금요일,전라남도 목포시 산정동,경상사고,0,0,1,0,차대사람 - 기타,안전운전불이행,포장 - 건조,맑음,단일로 - 기타,승용,남,54세,상해없음,보행자,남,28세,경상
2018091400100229,2018년 9월 14일 10시,금요일,전라남도 여수시 충무동,경상사고,0,0,1,0,차대사람 - 기타,안전운전불이행,포장 - 건조,맑음,기타 - 기타,기타불명,남,59세,상해없음,보행자,여,76세,경상
2018091400100261,2018년 9월 14일 11시,금요일,전라남도 강진군 신전면,경상사고,0,0,1,0,차대사람 - 기타,안전운전불이행,포장 - 건조,맑음,단일로 - 기타,화물,남,38세,상해없음,보행자,여,79세,경상
2018091400100430,2018년 9월 14일 16시,금요일,전라남도 여수시 율촌면,중상사고,0,1,0,0,차대사람 - 횡단중,보행자보호의무위반,포장 - 건조,맑음,교차로 - 교차로횡단보도내,승용,남,28세,상해없음,보행자,여,13세,중상
2018091400100623,2018년 9월 14일 20시,금요일,전라남도 광양시 광영동,중상사고,0,1,0,0,차대사람 - 보도통행중,안전운전불이행,포장 - 건조,흐림,교차로 - 교차로부근,승용,여,49세,상해없음,보행자,남,9세,중상
2018091400100672,2018년 9월 14일 21시,금요일,전라남도 무안군 삼향읍,중상사고,0,1,0,0,차대사람 - 기타,안전운전불이행,포장 - 젖음/습기,비,교차로 - 교차로부근,화물,남,55세,상해없음,보행자,남,63세,중상
2018091500100125,2018년 9월 15일 07시,토요일,전라남도 순천시 오천동,중상사고,0,1,0,0,차대사람 - 기타,안전운전불이행,포장 - 건조,맑음,교차로 - 교차로안,화물,남,63세,상해없음,보행자,여,81세,중상
2018091500100174,2018년 9월 15일 09시,토요일,전라남도 광양시 중동,경상사고,0,0,1,0,차대사람 - 기타,안전운전불이행,포장 - 젖음/습기,비,단일로 - 기타,승용,남,73세,상해없음,보행자,여,41세,경상
2018091500100326,2018년 9월 15일 13시,토요일,전라남도 강진군 마량면,경상사고,0,0,1,0,차대사람 - 기타,안전운전불이행,포장 - 건조,맑음,단일로 - 기타,화물,남,55세,상해없음,보행자,남,77세,경상
2018091500100429,2018년 9월 15일 16시,토요일,전라남도 목포시 상동,경상사고,0,0,1,0,차대사람 - 횡단중,보행자보호의무위반,포장 - 건조,맑음,교차로 - 교차로횡단보도내,승용,여,69세,상해없음,보행자,남,44세,경상
2018091500100430,2018년 9월 15일 16시,토요일,전라남도 여수시 미평동,경상사고,0,0,1,0,차대사람 - 기타,안전운전불이행,포장 - 건조,맑음,단일로 - 기타,승용,남,30세,상해없음,보행자,여,18세,경상
2018091500100536,2018년 9월 15일 19시,토요일,전라남도 여수시 서교동,중상사고,0,1,0,0,차대사람 - 횡단중,안전운전불이행,포장 - 건조,맑음,단일로 - 기타,승용,남,63세,상해없음,보행자,남,65세,중상
2018091600100095,2018년 9월 16일 06시,일요일,전라남도 고흥군 동강면,경상사고,0,0,1,0,차대사람 - 길가장자리구역통행중,안전운전불이행,포장 - 건조,맑음,단일로 - 기타,승용,남,75세,상해없음,보행자,남,87세,경상
2018091600100307,2018년 9월 16일 15시,일요일,전라남도 함평군 나산면,중상사고,0,1,0,0,차대사람 - 기타,안전운전불이행,포장 - 건조,맑음,단일로 - 기타,화물,남,71세,상해없음,보행자,남,4세,중상
2018091600100415,2018년 9월 16일 18시,일요일,전라남도 순천시 인제동,중상사고,0,1,0,0,차대사람 - 기타,안전운전불이행,포장 - 건조,맑음,교차로 - 교차로부근,승용,남,50세,상해없음,보행자,남,63세,중상
2018091600100448,2018년 9월 16일 19시,일요일,전라남도 영광군 영광읍,경상사고,0,0,1,0,차대사람 - 횡단중,안전운전불이행,포장 - 건조,맑음,단일로 - 기타,이륜,남,75세,상해없음,보행자,남,52세,경상
2018091700100125,2018년 9월 17일 08시,월요일,전라남도 구례군 구례읍,경상사고,0,0,1,0,차대사람 - 기타,안전운전불이행,포장 - 건조,맑음,주차장 - 주차장,승용,남,79세,상해없음,보행자,여,78세,경상
2018091700100248,2018년 9월 17일 12시,월요일,전라남도 나주시 중앙동,경상사고,0,0,1,0,차대사람 - 기타,안전운전불이행,포장 - 건조,맑음,단일로 - 기타,승용,남,28세,상해없음,보행자,여,20세,경상
2018091700100450,2018년 9월 17일 17시,월요일,전라남도 무안군 청계면,경상사고,0,0,1,0,차대사람 - 기타,안전운전불이행,포장 - 건조,맑음,교차로 - 교차로안,승용,남,29세,상해없음,보행자,여,71세,경상
2018091700100500,2018년 9월 17일 18시,월요일,전라남도 목포시 달동,경상사고,0,0,1,0,차대사람 - 기타,안전운전불이행,포장 - 건조,맑음,기타 - 기타,사륜오토바이(ATV),남,61세,상해없음,보행자,남,미분류,경상
2018091700100543,2018년 9월 17일 19시,월요일,전라남도 영광군 불갑면,사망사고,1,0,0,0,차대사람 - 차도통행중,안전운전불이행,포장 - 건조,맑음,단일로 - 기타,화물,남,54세,상해없음,보행자,여,72세,사망
2018091700100582,2018년 9월 17일 20시,월요일,전라남도 장흥군 장흥읍,경상사고,0,0,1,0,차대사람 - 길가장자리구역통행중,안전운전불이행,포장 - 건조,맑음,교차로 - 교차로안,승용,남,58세,상해없음,보행자,여,62세,경상
2018091800100031,2018년 9월 18일 02시,화요일,전라남도 순천시 해룡면,경상사고,0,0,1,0,차대사람 - 차도통행중,안전운전불이행,포장 - 건조,맑음,교차로 - 교차로부근,승용,여,50세,상해없음,보행자,남,26세,경상
2018091800100091,2018년 9월 18일 07시,화요일,전라남도 목포시 상동,중상사고,0,1,0,0,차대사람 - 기타,안전운전불이행,포장 - 건조,맑음,기타 - 기타,승용,남,53세,상해없음,보행자,남,71세,중상
2018091800100288,2018년 9월 18일 12시,화요일,전라남도 완도군 완도읍,중상사고,0,1,0,0,차대사람 - 횡단중,보행자보호의무위반,포장 - 건조,맑음,교차로 - 교차로횡단보도내,승용,남,41세,상해없음,보행자,남,16세,중상
2018091800100289,2018년 9월 18일 12시,화요일,전라남도 구례군 구례읍,중상사고,0,1,0,0,차대사람 - 보도통행중,안전운전불이행,포장 - 건조,맑음,교차로 - 교차로부근,이륜,여,82세,상해없음,보행자,여,76세,중상
2018091800100397,2018년 9월 18일 15시,화요일,전라남도 담양군 담양읍,중상사고,0,1,0,0,차대사람 - 기타,불법유턴,포장 - 건조,맑음,기타 - 기타,승용,여,41세,상해없음,보행자,여,56세,중상
2018091800100497,2018년 9월 18일 17시,화요일,전라남도 완도군 보길면,중상사고,0,1,0,0,차대사람 - 횡단중,안전운전불이행,포장 - 건조,맑음,단일로 - 기타,화물,남,58세,상해없음,보행자,남,4세,중상
2018091800100577,2018년 9월 18일 19시,화요일,전라남도 목포시 산정동,경상사고,0,0,1,0,차대사람 - 기타,안전운전불이행,포장 - 건조,기타,단일로 - 기타,승용,남,40세,상해없음,보행자,남,50세,경상
2018091800100579,2018년 9월 18일 19시,화요일,전라남도 순천시 조례동,중상사고,0,1,0,0,차대사람 - 횡단중,안전운전불이행,포장 - 건조,맑음,교차로 - 교차로부근,승용,남,59세,상해없음,보행자,여,68세,중상
2018091800100582,2018년 9월 18일 19시,화요일,전라남도 담양군 고서면,중상사고,0,1,0,0,차대사람 - 차도통행중,안전운전불이행,포장 - 건조,맑음,단일로 - 기타,승용,남,52세,상해없음,보행자,남,76세,중상
2018091800100653,2018년 9월 18일 21시,화요일,전라남도 순천시 풍덕동,경상사고,0,0,1,0,차대사람 - 횡단중,보행자보호의무위반,포장 - 건조,맑음,교차로 - 교차로부근,승용,여,56세,상해없음,보행자,남,43세,경상
2018091900100172,2018년 9월 19일 09시,수요일,전라남도 보성군 벌교읍,중상사고,0,1,0,0,차대사람 - 횡단중,안전운전불이행,포장 - 건조,맑음,단일로 - 기타,화물,남,53세,상해없음,보행자,여,75세,중상
2018091900100552,2018년 9월 19일 19시,수요일,전라남도 보성군 보성읍,경상사고,0,0,1,0,차대사람 - 횡단중,안전운전불이행,포장 - 젖음/습기,비,교차로 - 교차로안,승용,남,63세,상해없음,보행자,남,17세,경상
2018091900100587,2018년 9월 19일 20시,수요일,전라남도 순천시 조례동,경상사고,0,0,1,0,차대사람 - 차도통행중,안전운전불이행,포장 - 건조,맑음,단일로 - 기타,승용,남,54세,상해없음,보행자,남,58세,경상
2018091900100628,2018년 9월 19일 21시,수요일,전라남도 여수시 공화동,경상사고,0,0,1,0,차대사람 - 횡단중,안전운전불이행,포장 - 젖음/습기,비,단일로 - 기타,승용,남,30세,상해없음,보행자,남,54세,경상
2018092000100013,2018년 9월 20일 00시,목요일,전라남도 여수시 관문동,경상사고,0,0,1,0,차대사람 - 횡단중,신호위반,포장 - 젖음/습기,비,단일로 - 기타,승용,여,32세,상해없음,보행자,남,66세,경상
2018092000100040,2018년 9월 20일 02시,목요일,전라남도 광양시 중동,중상사고,0,1,0,0,차대사람 - 횡단중,보행자보호의무위반,포장 - 젖음/습기,비,단일로 - 기타,승용,남,44세,상해없음,보행자,남,35세,중상
2018092000100083,2018년 9월 20일 06시,목요일,전라남도 목포시 상동,중상사고,0,1,0,0,차대사람 - 횡단중,보행자보호의무위반,포장 - 젖음/습기,비,교차로 - 교차로안,승용,남,52세,상해없음,보행자,여,69세,중상
2018092000100084,2018년 9월 20일 06시,목요일,전라남도 여수시 중흥동,경상사고,0,0,1,0,차대사람 - 기타,안전운전불이행,포장 - 젖음/습기,비,단일로 - 기타,승용,남,62세,상해없음,보행자,남,22세,경상
2018092000100151,2018년 9월 20일 08시,목요일,전라남도 곡성군 석곡면,중상사고,0,1,0,0,차대사람 - 차도통행중,안전운전불이행,포장 - 젖음/습기,비,단일로 - 기타,화물,남,68세,상해없음,보행자,여,84세,중상
2018092000100190,2018년 9월 20일 09시,목요일,전라남도 여수시 소호동,경상사고,0,0,1,0,차대사람 - 기타,안전운전불이행,포장 - 건조,맑음,단일로 - 기타,승용,여,58세,기타불명,보행자,남,40세,경상
2018092100100369,2018년 9월 21일 13시,금요일,전라남도 완도군 완도읍,경상사고,0,0,1,0,차대사람 - 기타,안전운전불이행,포장 - 건조,맑음,단일로 - 기타,화물,남,65세,상해없음,보행자,남,87세,경상
2018092100100370,2018년 9월 21일 13시,금요일,전라남도 구례군 구례읍,경상사고,0,0,1,0,차대사람 - 길가장자리구역통행중,안전운전불이행,포장 - 젖음/습기,비,단일로 - 기타,승용,남,48세,상해없음,보행자,남,79세,경상
2018092100100468,2018년 9월 21일 15시,금요일,전라남도 해남군 해남읍,경상사고,0,0,1,0,차대사람 - 횡단중,안전운전불이행,포장 - 젖음/습기,흐림,단일로 - 기타,화물,남,58세,기타불명,보행자,여,49세,경상
2018092100100509,2018년 9월 21일 16시,금요일,전라남도 여수시 학동,중상사고,0,1,0,0,차대사람 - 횡단중,보행자보호의무위반,포장 - 건조,맑음,단일로 - 기타,승용,남,51세,상해없음,보행자,여,56세,중상
2018092100100631,2018년 9월 21일 18시,금요일,전라남도 나주시 중앙동,경상사고,0,0,1,0,차대사람 - 차도통행중,안전운전불이행,포장 - 건조,맑음,단일로 - 기타,승용,남,82세,상해없음,보행자,여,16세,경상
2018092100100852,2018년 9월 21일 23시,금요일,전라남도 여수시 여서동,경상사고,0,0,2,0,차대사람 - 횡단중,안전운전불이행,포장 - 건조,맑음,교차로 - 교차로횡단보도내,승용,여,21세,상해없음,보행자,남,40세,경상
2018092200100199,2018년 9월 22일 10시,토요일,전라남도 고흥군 도화면,중상사고,0,1,0,0,차대사람 - 길가장자리구역통행중,안전운전불이행,포장 - 건조,맑음,단일로 - 기타,승용,남,49세,상해없음,보행자,여,73세,중상
2018092200100200,2018년 9월 22일 10시,토요일,전라남도 진도군 진도읍,중상사고,0,1,0,0,차대사람 - 기타,안전운전불이행,포장 - 건조,맑음,단일로 - 기타,화물,남,60세,상해없음,보행자,여,80세,중상
2018092200100239,2018년 9월 22일 11시,토요일,전라남도 장흥군 장흥읍,경상사고,0,0,1,0,차대사람 - 차도통행중,안전운전불이행,포장 - 건조,맑음,단일로 - 교량,기타불명,기타불명,미분류,기타불명,보행자,여,79세,경상
2018092200100550,2018년 9월 22일 18시,토요일,전라남도 순천시 오천동,중상사고,0,1,0,0,차대사람 - 기타,보행자보호의무위반,포장 - 건조,맑음,교차로 - 교차로부근,승용,남,76세,상해없음,보행자,여,83세,중상
2018092200100552,2018년 9월 22일 18시,토요일,전라남도 진도군 진도읍,경상사고,0,0,1,0,차대사람 - 기타,안전운전불이행,포장 - 건조,맑음,단일로 - 기타,승용,여,54세,상해없음,보행자,여,7세,경상
2018092200100605,2018년 9월 22일 19시,토요일,전라남도 여수시 문수동,사망사고,1,0,0,0,차대사람 - 차도통행중,안전운전불이행,포장 - 건조,맑음,기타 - 기타,승용,남,57세,상해없음,보행자,여,50세,사망
2018092200100606,2018년 9월 22일 19시,토요일,전라남도 순천시 장천동,경상사고,0,0,1,0,차대사람 - 기타,안전운전불이행,포장 - 건조,맑음,교차로 - 교차로안,승합,남,48세,상해없음,보행자,남,55세,경상
2018092300100068,2018년 9월 23일 06시,일요일,전라남도 장흥군 관산읍,사망사고,1,0,0,0,차대사람 - 길가장자리구역통행중,안전운전불이행,포장 - 건조,맑음,단일로 - 기타,화물,여,68세,상해없음,보행자,남,75세,사망
2018092300100084,2018년 9월 23일 07시,일요일,전라남도 강진군 마량면,경상사고,0,0,1,0,차대사람 - 기타,안전운전불이행,포장 - 건조,맑음,단일로 - 기타,승용,여,46세,상해없음,보행자,여,51세,경상
2018092300100284,2018년 9월 23일 16시,일요일,전라남도 장흥군 회진면,중상사고,0,1,0,0,차대사람 - 횡단중,안전운전불이행,포장 - 건조,맑음,단일로 - 기타,승용,여,44세,상해없음,보행자,남,8세,중상
2018092300100353,2018년 9월 23일 18시,일요일,전라남도 목포시 산정동,경상사고,0,0,1,0,차대사람 - 횡단중,보행자보호의무위반,포장 - 건조,맑음,단일로 - 기타,승용,남,41세,상해없음,보행자,여,75세,경상
2018092300100402,2018년 9월 23일 20시,일요일,전라남도 나주시 공산면,중상사고,0,1,0,0,차대사람 - 기타,안전운전불이행,포장 - 건조,맑음,단일로 - 기타,기타불명,기타불명,미분류,기타불명,보행자,여,18세,중상
2018092400100039,2018년 9월 24일 04시,월요일,전라남도 여수시 돌산읍,경상사고,0,0,1,0,차대사람 - 기타,안전운전불이행,포장 - 건조,맑음,단일로 - 기타,승용,남,66세,상해없음,보행자,여,23세,경상
2018092400100081,2018년 9월 24일 10시,월요일,전라남도 해남군 현산면,경상사고,0,0,1,0,차대사람 - 기타,안전운전불이행,포장 - 건조,맑음,단일로 - 기타,승용,남,71세,기타불명,보행자,여,61세,경상
2018092400100344,2018년 9월 24일 19시,월요일,전라남도 목포시 용당동,중상사고,0,1,0,0,차대사람 - 횡단중,보행자보호의무위반,포장 - 건조,맑음,교차로 - 교차로부근,승용,남,56세,상해없음,보행자,남,75세,중상
2018092500100159,2018년 9월 25일 12시,화요일,전라남도 영암군 금정면,중상사고,0,1,0,0,차대사람 - 기타,안전운전불이행,포장 - 건조,맑음,기타 - 기타,승용,남,65세,상해없음,보행자,남,38세,중상
2018092500100274,2018년 9월 25일 16시,화요일,전라남도 목포시 상동,경상사고,0,0,1,0,차대사람 - 기타,안전운전불이행,포장 - 건조,맑음,단일로 - 기타,승용,여,33세,상해없음,보행자,남,2세,경상
2018092500100316,2018년 9월 25일 17시,화요일,전라남도 여수시 교동,경상사고,0,0,1,0,차대사람 - 횡단중,안전운전불이행,포장 - 건조,맑음,단일로 - 기타,승용,남,51세,상해없음,보행자,남,65세,경상
2018092500100378,2018년 9월 25일 19시,화요일,전라남도 목포시 용해동,경상사고,0,0,1,0,차대사람 - 기타,안전운전불이행,포장 - 건조,맑음,단일로 - 기타,승용,남,69세,상해없음,보행자,남,47세,경상
2018092500100379,2018년 9월 25일 19시,화요일,전라남도 목포시 용해동,경상사고,0,0,1,0,차대사람 - 기타,안전운전불이행,포장 - 건조,맑음,기타 - 기타,승합,남,50세,상해없음,보행자,남,64세,경상