사고번호,사고일시,요일,시군구,사고내용,사망자수,중상자수,경상자수,부상신고자수,사고유형,법규위반,노면상태,기상상태,도로형태,가해운전자 차종,가해운전자 성별,가해운전자 연령,가해운전자 상해정도,피해운전자 차종,피해운전자 성별,피해운전자 연령,피해운전자 상해정도
2018092500100416,2018년 9월 25일 20시,화요일,전라남도 목포시 상동,경상사고,0,0,2,0,차대사람 - 기타,안전운전불이행,포장 - 건조,맑음,기타 - 기타,승용,여,35세,상해없음,보행자,남,23세,경상
2018092600100187,2018년 9월 26일 13시,수요일,전라남도 광양시 봉강면,중상사고,0,1,0,0,차대사람 - 횡단중,안전운전불이행,포장 - 건조,맑음,단일로 - 기타,승합,남,53세,상해없음,보행자,남,8세,중상
2018092700100038,2018년 9월 27일 06시,목요일,전라남도 목포시 보광동1가,사망사고,1,0,0,0,차대사람 - 횡단중,안전운전불이행,포장 - 건조,맑음,교차로 - 교차로횡단보도내,승용,남,61세,상해없음,보행자,여,81세,사망
2018092700100244,2018년 9월 27일 12시,목요일,전라남도 담양군 담양읍,경상사고,0,0,1,0,차대사람 - 보도통행중,안전운전불이행,포장 - 건조,맑음,단일로 - 기타,승용,여,65세,상해없음,보행자,남,74세,경상
2018092700100367,2018년 9월 27일 15시,목요일,전라남도 구례군 구례읍,부상신고사고,0,0,0,1,차대사람 - 기타,보행자보호의무위반,포장 - 건조,맑음,교차로 - 교차로횡단보도내,승용,남,62세,상해없음,보행자,남,48세,부상신고
2018092700100591,2018년 9월 27일 20시,목요일,전라남도 강진군 군동면,부상신고사고,0,0,0,1,차대사람 - 횡단중,안전운전불이행,포장 - 건조,맑음,교차로 - 교차로안,승용,남,54세,상해없음,보행자,남,61세,부상신고
2018092800100042,2018년 9월 28일 05시,금요일,전라남도 여수시 오림동,사망사고,1,0,0,0,차대사람 - 횡단중,안전운전불이행,포장 - 건조,맑음,교차로 - 교차로안,승용,남,70세,상해없음,보행자,남,81세,사망
2018092800100164,2018년 9월 28일 10시,금요일,전라남도 순천시 연향동,중상사고,0,1,0,0,차대사람 - 횡단중,불법유턴,포장 - 건조,맑음,교차로 - 교차로안,승용,여,34세,상해없음,보행자,남,65세,중상
2018092900100073,2018년 9월 29일 04시,토요일,전라남도 순천시 조례동,사망사고,1,0,0,0,차대사람 - 기타,안전운전불이행,포장 - 건조,맑음,단일로 - 기타,승용,남,49세,상해없음,보행자,남,19세,사망
2018092900100432,2018년 9월 29일 17시,토요일,전라남도 담양군 대전면,중상사고,0,1,0,0,차대사람 - 기타,안전운전불이행,포장 - 건조,맑음,교차로 - 교차로부근,화물,남,69세,상해없음,보행자,여,77세,중상
2018093000100212,2018년 9월 30일 13시,일요일,전라남도 고흥군 풍양면,중상사고,0,1,0,0,차대사람 - 기타,안전운전불이행,포장 - 건조,맑음,단일로 - 기타,화물,남,76세,상해없음,보행자,여,58세,중상
2018093000100360,2018년 9월 30일 17시,일요일,전라남도 목포시 상동,경상사고,0,0,1,0,차대사람 - 횡단중,안전운전불이행,포장 - 건조,맑음,교차로 - 교차로안,승용,남,30세,상해없음,보행자,남,45세,경상
2018100100100021,2018년 10월 1일 02시,월요일,전라남도 광양시 중동,중상사고,0,1,0,0,차대사람 - 보도통행중,기타,포장 - 건조,맑음,단일로 - 기타,이륜,남,58세,상해없음,보행자,여,62세,중상
2018100100100283,2018년 10월 1일 13시,월요일,전라남도 순천시 조례동,경상사고,0,0,1,0,차대사람 - 횡단중,보행자보호의무위반,포장 - 건조,맑음,교차로 - 교차로안,승용,여,42세,상해없음,보행자,여,77세,경상
2018100100100351,2018년 10월 1일 15시,월요일,전라남도 신안군 안좌면,중상사고,0,1,0,0,차대사람 - 기타,안전운전불이행,포장 - 건조,맑음,단일로 - 기타,화물,남,59세,상해없음,보행자,남,66세,중상
2018100100100353,2018년 10월 1일 15시,월요일,전라남도 순천시 조례동,경상사고,0,0,1,0,차대사람 - 기타,보행자보호의무위반,포장 - 건조,맑음,교차로 - 교차로안,승용,여,52세,상해없음,보행자,여,9세,경상
2018100100100394,2018년 10월 1일 16시,월요일,전라남도 여수시 화치동,중상사고,0,1,0,0,차대사람 - 길가장자리구역통행중,안전운전불이행,포장 - 건조,맑음,단일로 - 기타,승용,남,58세,상해없음,보행자,남,64세,중상
2018100200100058,2018년 10월 2일 06시,화요일,전라남도 목포시 석현동,중상사고,0,1,0,0,차대사람 - 차도통행중,안전운전불이행,포장 - 건조,맑음,단일로 - 기타,화물,남,38세,상해없음,보행자,여,58세,중상
2018100200100082,2018년 10월 2일 07시,화요일,전라남도 담양군 가사문학면,경상사고,0,0,1,0,차대사람 - 횡단중,안전운전불이행,포장 - 건조,맑음,교차로 - 교차로안,화물,남,37세,상해없음,보행자,여,78세,경상
2018100200100169,2018년 10월 2일 09시,화요일,전라남도 광양시 중군동,중상사고,0,1,0,0,차대사람 - 횡단중,안전운전불이행,포장 - 건조,맑음,교차로 - 교차로부근,승합,여,47세,상해없음,보행자,여,70세,중상
2018100200100203,2018년 10월 2일 10시,화요일,전라남도 함평군 함평읍,중상사고,0,1,0,0,차대사람 - 기타,안전운전불이행,포장 - 건조,맑음,주차장 - 주차장,승합,남,47세,상해없음,보행자,남,89세,중상
2018100200100342,2018년 10월 2일 14시,화요일,전라남도 순천시 조곡동,경상사고,0,0,1,0,차대사람 - 기타,안전운전불이행,포장 - 건조,맑음,단일로 - 기타,승용,여,27세,상해없음,보행자,여,46세,경상
2018100200100440,2018년 10월 2일 17시,화요일,전라남도 여수시 돌산읍,중상사고,0,1,0,0,차대사람 - 기타,안전운전불이행,포장 - 건조,맑음,교차로 - 교차로안,화물,남,73세,상해없음,보행자,여,73세,중상
2018100200100493,2018년 10월 2일 18시,화요일,전라남도 화순군 화순읍,경상사고,0,0,1,0,차대사람 - 기타,안전운전불이행,포장 - 건조,맑음,주차장 - 주차장,화물,남,57세,상해없음,보행자,남,58세,경상
2018100200100677,2018년 10월 2일 23시,화요일,전라남도 여수시 여서동,중상사고,0,1,0,0,차대사람 - 횡단중,안전운전불이행,포장 - 건조,맑음,단일로 - 기타,승용,남,39세,상해없음,보행자,여,59세,중상
2018100300100029,2018년 10월 3일 01시,수요일,전라남도 목포시 상동,경상사고,0,0,1,0,차대사람 - 기타,안전운전불이행,포장 - 건조,맑음,교차로 - 교차로안,화물,남,24세,상해없음,보행자,남,29세,경상
2018100300100209,2018년 10월 3일 11시,수요일,전라남도 곡성군 곡성읍,중상사고,0,1,0,0,차대사람 - 기타,안전운전불이행,포장 - 건조,맑음,주차장 - 주차장,승용,남,72세,상해없음,보행자,여,68세,중상
2018100300100267,2018년 10월 3일 13시,수요일,전라남도 목포시 축복동1가,중상사고,0,1,0,0,차대사람 - 횡단중,보행자보호의무위반,포장 - 건조,맑음,교차로 - 교차로횡단보도내,승용,남,53세,상해없음,보행자,여,60세,중상
2018100300100309,2018년 10월 3일 14시,수요일,전라남도 고흥군 동일면,중상사고,0,1,0,0,차대사람 - 기타,안전운전불이행,포장 - 건조,맑음,단일로 - 기타,화물,남,63세,상해없음,보행자,여,58세,중상
2018100300100341,2018년 10월 3일 15시,수요일,전라남도 강진군 군동면,경상사고,0,0,1,0,차대사람 - 기타,안전운전불이행,포장 - 건조,맑음,단일로 - 기타,승용,남,63세,상해없음,보행자,여,67세,경상
2018100400100177,2018년 10월 4일 09시,목요일,전라남도 목포시 용해동,중상사고,0,1,0,0,차대사람 - 횡단중,신호위반,포장 - 건조,맑음,교차로 - 교차로횡단보도내,승용,여,32세,상해없음,보행자,여,51세,중상
2018100400100178,2018년 10월 4일 09시,목요일,전라남도 목포시 산정동,중상사고,0,1,0,0,차대사람 - 횡단중,안전운전불이행,포장 - 건조,맑음,교차로 - 교차로횡단보도내,승용,여,51세,상해없음,보행자,여,82세,중상
2018100400100522,2018년 10월 4일 18시,목요일,전라남도 광양시 마동,경상사고,0,0,1,0,차대사람 - 횡단중,보행자보호의무위반,포장 - 건조,맑음,교차로 - 교차로횡단보도내,화물,남,66세,상해없음,보행자,남,7세,경상
2018100400100653,2018년 10월 4일 21시,목요일,전라남도 순천시 가곡동,경상사고,0,0,1,0,차대사람 - 기타,안전운전불이행,포장 - 건조,맑음,단일로 - 기타,승합,남,57세,상해없음,보행자,여,66세,경상
2018100400100655,2018년 10월 4일 21시,목요일,전라남도 영암군 삼호읍,중상사고,0,1,0,0,차대사람 - 횡단중,안전운전불이행,포장 - 건조,맑음,교차로 - 교차로안,승용,남,20세,상해없음,보행자,남,43세,중상
2018100400100687,2018년 10월 4일 22시,목요일,전라남도 여수시 소라면,부상신고사고,0,0,0,1,차대사람 - 기타,기타,포장 - 건조,맑음,단일로 - 기타,승용,남,55세,상해없음,보행자,남,56세,부상신고
2018100400100688,2018년 10월 4일 22시,목요일,전라남도 여수시 웅천동,경상사고,0,0,1,0,차대사람 - 횡단중,보행자보호의무위반,포장 - 젖음/습기,비,교차로 - 교차로횡단보도내,승용,남,48세,상해없음,보행자,남,24세,경상
2018100400100717,2018년 10월 4일 23시,목요일,전라남도 순천시 조곡동,중상사고,0,1,0,0,차대사람 - 기타,안전운전불이행,포장 - 건조,맑음,교차로 - 교차로부근,승용,남,47세,상해없음,보행자,여,83세,중상
2018100500100192,2018년 10월 5일 09시,금요일,전라남도 장흥군 장흥읍,경상사고,0,0,1,0,차대사람 - 차도통행중,안전운전불이행,포장 - 젖음/습기,비,단일로 - 기타,승용,여,65세,상해없음,보행자,남,53세,경상
2018100500100288,2018년 10월 5일 12시,금요일,전라남도 목포시 죽교동,중상사고,0,1,0,0,차대사람 - 횡단중,보행자보호의무위반,포장 - 젖음/습기,비,단일로 - 기타,승용,남,38세,상해없음,보행자,여,71세,중상
2018100500100425,2018년 10월 5일 15시,금요일,전라남도 광양시 광양읍,중상사고,0,1,0,0,차대사람 - 기타,중앙선침범,포장 - 건조,맑음,단일로 - 기타,승용,여,63세,상해없음,보행자,남,78세,중상
2018100500100426,2018년 10월 5일 15시,금요일,전라남도 구례군 구례읍,부상신고사고,0,0,0,1,차대사람 - 차도통행중,안전운전불이행,포장 - 건조,맑음,기타 - 기타,승용,여,64세,상해없음,보행자,남,38세,부상신고
2018100500100506,2018년 10월 5일 17시,금요일,전라남도 여수시 신월동,경상사고,0,0,1,0,차대사람 - 기타,안전운전불이행,포장 - 건조,맑음,단일로 - 기타,승용,남,61세,상해없음,보행자,남,7세,경상
2018100500100585,2018년 10월 5일 18시,금요일,전라남도 여수시 돌산읍,중상사고,0,1,0,0,차대사람 - 횡단중,보행자보호의무위반,포장 - 건조,맑음,교차로 - 교차로부근,승용,남,44세,상해없음,보행자,남,46세,중상
2018100500100586,2018년 10월 5일 18시,금요일,전라남도 영광군 영광읍,중상사고,0,1,0,0,차대사람 - 횡단중,안전운전불이행,포장 - 젖음/습기,비,단일로 - 기타,화물,남,54세,상해없음,보행자,남,61세,중상
2018100500100662,2018년 10월 5일 19시,금요일,전라남도 목포시 용해동,중상사고,0,1,0,0,차대사람 - 기타,안전운전불이행,포장 - 젖음/습기,비,교차로 - 교차로안,승용,남,29세,상해없음,보행자,남,79세,중상
2018100500100732,2018년 10월 5일 20시,금요일,전라남도 광양시 중동,경상사고,0,0,1,0,차대사람 - 차도통행중,안전운전불이행,포장 - 젖음/습기,비,교차로 - 교차로부근,승용,남,59세,상해없음,보행자,여,39세,경상
2018100500100770,2018년 10월 5일 21시,금요일,전라남도 목포시 용해동,중상사고,0,1,0,0,차대사람 - 횡단중,보행자보호의무위반,포장 - 젖음/습기,비,교차로 - 교차로횡단보도내,화물,남,38세,상해없음,보행자,남,39세,중상
2018100500100816,2018년 10월 5일 22시,금요일,전라남도 목포시 산정동,중상사고,0,1,0,0,차대사람 - 기타,안전운전불이행,포장 - 젖음/습기,비,교차로 - 교차로안,승용,여,61세,상해없음,보행자,남,41세,중상
2018100600100014,2018년 10월 6일 00시,토요일,전라남도 목포시 산정동,경상사고,0,0,1,0,차대사람 - 기타,안전운전불이행,포장 - 젖음/습기,비,단일로 - 기타,승용,남,61세,상해없음,보행자,남,47세,경상
2018100600100015,2018년 10월 6일 00시,토요일,전라남도 목포시 옥암동,중상사고,0,1,1,0,차대사람 - 횡단중,보행자보호의무위반,포장 - 젖음/습기,비,단일로 - 기타,승용,남,23세,상해없음,보행자,여,33세,중상
2018100600100058,2018년 10월 6일 01시,토요일,전라남도 여수시 여서동,경상사고,0,0,1,0,차대사람 - 길가장자리구역통행중,안전운전불이행,포장 - 젖음/습기,비,단일로 - 기타,기타불명,기타불명,미분류,기타불명,보행자,남,43세,경상
2018100600100230,2018년 10월 6일 09시,토요일,전라남도 순천시 장천동,중상사고,0,1,0,0,차대사람 - 횡단중,안전운전불이행,포장 - 건조,맑음,교차로 - 교차로부근,승용,여,42세,상해없음,보행자,여,76세,중상
2018100600100480,2018년 10월 6일 17시,토요일,전라남도 여수시 미평동,중상사고,0,1,0,0,차대사람 - 기타,보행자보호의무위반,포장 - 건조,맑음,교차로 - 교차로횡단보도내,화물,남,46세,상해없음,보행자,남,77세,중상
2018100600100516,2018년 10월 6일 18시,토요일,전라남도 순천시 인제동,중상사고,0,1,0,0,차대사람 - 기타,안전운전불이행,포장 - 건조,맑음,교차로 - 교차로안,승용,여,41세,상해없음,보행자,남,63세,중상
2018100700100201,2018년 10월 7일 11시,일요일,전라남도 무안군 일로읍,경상사고,0,0,1,0,차대사람 - 길가장자리구역통행중,안전운전불이행,포장 - 건조,맑음,단일로 - 기타,승용,남,66세,상해없음,보행자,여,77세,경상
2018100700100224,2018년 10월 7일 12시,일요일,전라남도 화순군 이양면,중상사고,0,1,0,0,차대사람 - 기타,안전운전불이행,포장 - 건조,맑음,주차장 - 주차장,건설기계,남,36세,상해없음,보행자,여,64세,중상
2018100700100275,2018년 10월 7일 14시,일요일,전라남도 여수시 봉계동,경상사고,0,0,1,0,차대사람 - 횡단중,보행자보호의무위반,포장 - 건조,맑음,단일로 - 기타,승용,여,39세,상해없음,보행자,남,23세,경상
2018100700100280,2018년 10월 7일 14시,일요일,전라남도 무안군 삼향읍,경상사고,0,0,1,0,차대사람 - 횡단중,안전운전불이행,포장 - 건조,흐림,교차로 - 교차로횡단보도내,승용,남,46세,상해없음,보행자,남,12세,경상
2018100700100360,2018년 10월 7일 16시,일요일,전라남도 여수시 신기동,경상사고,0,0,1,0,차대사람 - 길가장자리구역통행중,안전운전불이행,포장 - 건조,맑음,단일로 - 기타,승용,여,57세,상해없음,보행자,남,26세,경상
2018100800100007,2018년 10월 8일 00시,월요일,전라남도 여수시 돌산읍,경상사고,0,0,1,0,차대사람 - 기타,안전운전불이행,포장 - 건조,맑음,단일로 - 기타,기타불명,기타불명,미분류,기타불명,보행자,남,27세,경상
2018100800100325,2018년 10월 8일 14시,월요일,전라남도 신안군 암태면,사망사고,1,0,0,0,차대사람 - 기타,안전운전불이행,포장 - 건조,맑음,단일로 - 기타,화물,남,59세,상해없음,보행자,남,63세,사망
2018100800100366,2018년 10월 8일 15시,월요일,전라남도 순천시 장천동,경상사고,0,0,1,0,차대사람 - 횡단중,안전운전불이행,포장 - 건조,맑음,교차로 - 교차로안,승용,남,42세,상해없음,보행자,여,67세,경상
2018100800100415,2018년 10월 8일 16시,월요일,전라남도 목포시 호남동,중상사고,0,1,0,0,차대사람 - 기타,교차로운행방법위반,포장 - 건조,맑음,교차로 - 교차로안,화물,남,47세,상해없음,보행자,남,72세,중상
2018100800100455,2018년 10월 8일 17시,월요일,전라남도 여수시 신기동,중상사고,0,1,0,0,차대사람 - 길가장자리구역통행중,안전운전불이행,포장 - 건조,맑음,교차로 - 교차로안,승용,남,67세,상해없음,보행자,여,20세,중상
2018100800100580,2018년 10월 8일 20시,월요일,전라남도 여수시 시전동,경상사고,0,0,1,0,차대사람 - 횡단중,안전운전불이행,포장 - 건조,맑음,교차로 - 교차로안,승용,여,52세,상해없음,보행자,여,59세,경상
2018100800100665,2018년 10월 8일 23시,월요일,전라남도 나주시 산포면,중상사고,0,1,0,0,차대사람 - 횡단중,안전운전불이행,포장 - 건조,맑음,교차로 - 교차로안,승용,남,45세,상해없음,보행자,남,74세,중상
2018100900100192,2018년 10월 9일 11시,화요일,전라남도 완도군 완도읍,중상사고,0,1,0,0,차대사람 - 횡단중,안전운전불이행,포장 - 건조,맑음,단일로 - 기타,이륜,남,76세,상해없음,보행자,여,89세,중상
2018100900100220,2018년 10월 9일 12시,화요일,전라남도 신안군 증도면,사망사고,1,0,0,0,차대사람 - 기타,안전운전불이행,포장 - 건조,맑음,기타 - 기타,화물,남,24세,상해없음,보행자,여,73세,사망
2018100900100245,2018년 10월 9일 13시,화요일,전라남도 목포시 산정동,경상사고,0,0,1,0,차대사람 - 횡단중,보행자보호의무위반,포장 - 건조,맑음,단일로 - 기타,건설기계,남,58세,상해없음,보행자,남,83세,경상
2018100900100271,2018년 10월 9일 14시,화요일,전라남도 광양시 광양읍,경상사고,0,0,1,0,차대사람 - 기타,안전운전불이행,포장 - 건조,맑음,단일로 - 기타,승용,남,81세,상해없음,보행자,남,52세,경상
2018100900100378,2018년 10월 9일 18시,화요일,전라남도 여수시 신월동,중상사고,0,1,0,0,차대사람 - 횡단중,안전운전불이행,포장 - 건조,맑음,단일로 - 기타,승용,남,39세,상해없음,보행자,여,72세,중상
2018100900100379,2018년 10월 9일 18시,화요일,전라남도 나주시 용산동,중상사고,0,1,0,0,차대사람 - 횡단중,안전운전불이행,포장 - 건조,맑음,단일로 - 기타,원동기,남,36세,상해없음,보행자,여,71세,중상
2018101000100096,2018년 10월 10일 08시,수요일,전라남도 목포시 연산동,경상사고,0,0,1,0,차대사람 - 기타,보행자보호의무위반,포장 - 건조,맑음,교차로 - 교차로안,승용,여,49세,상해없음,보행자,남,7세,경상
2018101000100273,2018년 10월 10일 14시,수요일,전라남도 여수시 봉계동,사망사고,1,0,0,0,차대사람 - 횡단중,신호위반,포장 - 건조,맑음,교차로 - 교차로부근,건설기계,남,48세,상해없음,보행자,남,76세,사망
2018101000100367,2018년 10월 10일 17시,수요일,전라남도 강진군 강진읍,경상사고,0,0,1,0,차대사람 - 횡단중,안전운전불이행,포장 - 건조,맑음,교차로 - 교차로안,화물,남,60세,기타불명,보행자,여,17세,경상
2018101000100498,2018년 10월 10일 20시,수요일,전라남도 목포시 상동,경상사고,0,0,1,0,차대사람 - 기타,안전운전불이행,포장 - 건조,맑음,단일로 - 기타,승합,남,34세,상해없음,보행자,남,53세,경상
2018101100100078,2018년 10월 11일 07시,목요일,전라남도 목포시 옥암동,중상사고,0,1,0,0,차대사람 - 횡단중,신호위반,포장 - 건조,맑음,교차로 - 교차로부근,승용,남,64세,상해없음,보행자,여,9세,중상
2018101100100210,2018년 10월 11일 11시,목요일,전라남도 광양시 광양읍,경상사고,0,0,1,0,차대사람 - 기타,안전운전불이행,포장 - 건조,맑음,단일로 - 기타,승용,남,75세,상해없음,보행자,여,71세,경상
2018101100100412,2018년 10월 11일 17시,목요일,전라남도 여수시 신월동,사망사고,1,0,0,0,차대사람 - 횡단중,과속,포장 - 건조,맑음,교차로 - 교차로안,승용,여,55세,상해없음,보행자,여,61세,사망
2018101100100506,2018년 10월 11일 19시,목요일,전라남도 목포시 석현동,중상사고,0,1,0,0,차대사람 - 기타,안전운전불이행,포장 - 건조,맑음,단일로 - 기타,승용,남,55세,상해없음,보행자,남,27세,중상
2018101100100507,2018년 10월 11일 19시,목요일,전라남도 목포시 죽교동,경상사고,0,0,1,0,차대사람 - 기타,안전운전불이행,포장 - 건조,맑음,단일로 - 기타,화물,남,60세,상해없음,보행자,남,26세,경상
2018101200100023,2018년 10월 12일 01시,금요일,전라남도 여수시 봉산동,중상사고,0,1,0,0,차대사람 - 길가장자리구역통행중,안전운전불이행,포장 - 건조,맑음,단일로 - 기타,승용,남,60세,상해없음,보행자,남,49세,중상
2018101200100168,2018년 10월 12일 09시,금요일,전라남도 목포시 상동,중상사고,0,1,0,0,차대사람 - 횡단중,안전운전불이행,포장 - 건조,맑음,교차로 - 교차로부근,승용,남,57세,상해없음,보행자,여,71세,중상
2018101200100231,2018년 10월 12일 11시,금요일,전라남도 여수시 문수동,경상사고,0,0,1,0,차대사람 - 기타,기타,포장 - 건조,맑음,교차로 - 교차로부근,화물,남,52세,상해없음,보행자,여,58세,경상
2018101200100232,2018년 10월 12일 11시,금요일,전라남도 진도군 임회면,중상사고,0,1,0,0,차대사람 - 기타,안전운전불이행,포장 - 건조,맑음,단일로 - 기타,화물,남,48세,상해없음,보행자,여,63세,중상
2018101200100268,2018년 10월 12일 12시,금요일,전라남도 진도군 진도읍,중상사고,0,1,0,0,차대사람 - 차도통행중,안전운전불이행,포장 - 건조,맑음,단일로 - 기타,이륜,남,68세,상해없음,보행자,여,70세,중상
2018101200100387,2018년 10월 12일 15시,금요일,전라남도 무안군 해제면,중상사고,0,1,1,0,차대사람 - 횡단중,안전운전불이행,포장 - 건조,맑음,단일로 - 기타,화물,여,48세,경상,보행자,남,66세,중상
2018101200100477,2018년 10월 12일 17시,금요일,전라남도 여수시 국동,부상신고사고,0,0,0,1,차대사람 - 횡단중,보행자보호의무위반,포장 - 건조,맑음,단일로 - 기타,승용,남,47세,상해없음,보행자,여,36세,부상신고
2018101200100589,2018년 10월 12일 19시,금요일,전라남도 순천시 동외동,경상사고,0,0,1,0,차대사람 - 차도통행중,안전운전불이행,포장 - 건조,맑음,교차로 - 교차로부근,화물,남,71세,상해없음,보행자,남,79세,경상
2018101300100095,2018년 10월 13일 06시,토요일,전라남도 여수시 국동,중상사고,0,1,0,0,차대사람 - 기타,과속,포장 - 건조,맑음,단일로 - 기타,승용,남,54세,상해없음,보행자,남,68세,중상
2018101300100191,2018년 10월 13일 10시,토요일,전라남도 여수시 여서동,경상사고,0,0,1,0,차대사람 - 횡단중,안전운전불이행,포장 - 건조,맑음,단일로 - 기타,승용,여,46세,상해없음,보행자,남,63세,경상
2018101300100193,2018년 10월 13일 10시,토요일,전라남도 장성군 장성읍,중상사고,0,3,2,0,차대사람 - 기타,안전운전불이행,포장 - 건조,맑음,단일로 - 기타,화물,남,83세,상해없음,보행자,여,38세,중상
2018101300100414,2018년 10월 13일 16시,토요일,전라남도 광양시 중동,중상사고,0,1,0,0,차대사람 - 기타,안전운전불이행,포장 - 건조,맑음,단일로 - 기타,승용,남,58세,상해없음,보행자,여,6세,중상
2018101400100004,2018년 10월 14일 00시,일요일,전라남도 함평군 신광면,경상사고,0,0,1,0,차대사람 - 기타,안전운전불이행,포장 - 건조,맑음,단일로 - 기타,화물,여,54세,상해없음,보행자,남,71세,경상
2018101400100072,2018년 10월 14일 06시,일요일,전라남도 목포시 축복동3가,경상사고,0,0,1,0,차대사람 - 기타,안전운전불이행,포장 - 건조,맑음,단일로 - 기타,승용,남,52세,상해없음,보행자,남,25세,경상
2018101400100099,2018년 10월 14일 08시,일요일,전라남도 여수시 문수동,중상사고,0,1,0,0,차대사람 - 횡단중,신호위반,포장 - 건조,맑음,단일로 - 기타,승용,여,59세,상해없음,보행자,여,13세,중상
2018101400100195,2018년 10월 14일 13시,일요일,전라남도 완도군 완도읍,경상사고,0,0,1,0,차대사람 - 횡단중,보행자보호의무위반,포장 - 건조,맑음,교차로 - 교차로횡단보도내,승용,남,51세,상해없음,보행자,여,11세,경상
2018101500100025,2018년 10월 15일 04시,월요일,전라남도 여수시 신기동,경상사고,0,0,1,0,차대사람 - 차도통행중,안전운전불이행,포장 - 건조,맑음,교차로 - 교차로안,승용,남,58세,상해없음,보행자,남,42세,경상
2018101500100352,2018년 10월 15일 16시,월요일,전라남도 여수시 신기동,중상사고,0,1,0,0,차대사람 - 횡단중,안전운전불이행,포장 - 건조,맑음,단일로 - 기타,승용,남,24세,상해없음,보행자,여,11세,중상
2018101500100354,2018년 10월 15일 16시,월요일,전라남도 영암군 학산면,중상사고,0,1,0,0,차대사람 - 보도통행중,안전운전불이행,비포장 - 건조,맑음,단일로 - 기타,기타불명,기타불명,미분류,기타불명,보행자,남,82세,중상
2018101600100164,2018년 10월 16일 10시,화요일,전라남도 담양군 담양읍,경상사고,0,0,2,0,차대사람 - 차도통행중,안전운전불이행,포장 - 건조,맑음,교차로 - 교차로안,승용,남,58세,상해없음,보행자,남,87세,경상
2018101600100517,2018년 10월 16일 19시,화요일,전라남도 목포시 상동,중상사고,0,1,0,0,차대사람 - 횡단중,안전운전불이행,포장 - 건조,맑음,단일로 - 기타,승용,남,62세,상해없음,보행자,여,77세,중상
2018101700100065,2018년 10월 17일 07시,수요일,전라남도 여수시 웅천동,경상사고,0,0,1,0,차대사람 - 횡단중,안전운전불이행,포장 - 건조,맑음,교차로 - 교차로횡단보도내,이륜,남,67세,상해없음,보행자,여,71세,경상
2018101700100066,2018년 10월 17일 07시,수요일,전라남도 보성군 보성읍,경상사고,0,0,1,0,차대사람 - 차도통행중,불법유턴,포장 - 건조,맑음,단일로 - 기타,승합,남,60세,상해없음,보행자,여,75세,경상
2018101700100106,2018년 10월 17일 08시,수요일,전라남도 보성군 미력면,경상사고,0,0,1,0,차대사람 - 횡단중,안전운전불이행,포장 - 건조,맑음,단일로 - 기타,승용,남,39세,상해없음,보행자,여,83세,경상
2018101700100281,2018년 10월 17일 13시,수요일,전라남도 해남군 현산면,중상사고,0,1,0,0,차대사람 - 기타,안전운전불이행,포장 - 건조,맑음,단일로 - 기타,승용,남,58세,상해없음,보행자,여,79세,중상
2018101700100520,2018년 10월 17일 18시,수요일,전라남도 해남군 송지면,경상사고,0,0,1,0,차대사람 - 기타,안전운전불이행,포장 - 건조,맑음,단일로 - 기타,승용,남,78세,상해없음,보행자,여,50세,경상
2018101700100522,2018년 10월 17일 18시,수요일,전라남도 광양시 중동,중상사고,0,1,0,0,차대사람 - 기타,안전운전불이행,포장 - 건조,맑음,단일로 - 기타,승용,남,30세,상해없음,보행자,여,44세,중상
2018101700100557,2018년 10월 17일 19시,수요일,전라남도 목포시 산정동,경상사고,0,0,1,0,차대사람 - 기타,안전운전불이행,포장 - 건조,맑음,교차로 - 교차로안,승용,남,46세,상해없음,보행자,남,57세,경상
2018101800100111,2018년 10월 18일 08시,목요일,전라남도 목포시 상동,중상사고,0,1,0,0,차대사람 - 횡단중,보행자보호의무위반,포장 - 건조,맑음,교차로 - 교차로횡단보도내,승용,여,65세,상해없음,보행자,여,52세,중상
2018101800100261,2018년 10월 18일 12시,목요일,전라남도 목포시 상동,경상사고,0,0,1,0,차대사람 - 횡단중,보행자보호의무위반,포장 - 건조,맑음,교차로 - 교차로횡단보도내,승용,여,54세,상해없음,보행자,여,57세,경상
2018101800100356,2018년 10월 18일 15시,목요일,전라남도 목포시 연산동,경상사고,0,0,1,0,차대사람 - 기타,안전운전불이행,포장 - 건조,맑음,교차로 - 교차로부근,승용,남,60세,기타불명,보행자,여,55세,경상
2018101800100448,2018년 10월 18일 17시,목요일,전라남도 여수시 선원동,경상사고,0,0,1,0,차대사람 - 기타,안전운전불이행,포장 - 건조,맑음,단일로 - 기타,승합,남,42세,상해없음,보행자,여,65세,경상
2018101800100495,2018년 10월 18일 18시,목요일,전라남도 목포시 옥암동,중상사고,0,1,0,0,차대사람 - 횡단중,안전운전불이행,포장 - 건조,맑음,교차로 - 교차로부근,승용,여,49세,상해없음,보행자,여,57세,중상
2018101800100496,2018년 10월 18일 18시,목요일,전라남도 목포시 용당동,경상사고,0,0,1,0,차대사람 - 기타,안전운전불이행,포장 - 건조,맑음,단일로 - 기타,승용,남,47세,상해없음,보행자,남,25세,경상