사고번호,사고일시,요일,시군구,사고내용,사망자수,중상자수,경상자수,부상신고자수,사고유형,법규위반,노면상태,기상상태,도로형태,가해운전자 차종,가해운전자 성별,가해운전자 연령,가해운전자 상해정도,피해운전자 차종,피해운전자 성별,피해운전자 연령,피해운전자 상해정도
2018122200100496,2018년 12월 22일 18시,토요일,전라남도 곡성군 곡성읍,사망사고,1,0,0,0,차대사람 - 길가장자리구역통행중,안전운전불이행,포장 - 건조,맑음,단일로 - 기타,화물,남,76세,상해없음,보행자,여,79세,사망
2018122200100531,2018년 12월 22일 19시,토요일,전라남도 여수시 충무동,중상사고,0,1,0,0,차대사람 - 횡단중,보행자보호의무위반,포장 - 건조,맑음,교차로 - 교차로안,승용,남,35세,상해없음,보행자,여,66세,중상
2018122200100575,2018년 12월 22일 21시,토요일,전라남도 순천시 연향동,경상사고,0,0,1,0,차대사람 - 차도통행중,안전운전불이행,포장 - 건조,맑음,단일로 - 기타,승용,남,38세,상해없음,보행자,여,19세,경상
2018122200100601,2018년 12월 22일 22시,토요일,전라남도 목포시 죽교동,중상사고,0,1,0,0,차대사람 - 기타,안전운전불이행,포장 - 건조,맑음,단일로 - 기타,승용,남,26세,상해없음,보행자,남,41세,중상
2018122300100057,2018년 12월 23일 03시,일요일,전라남도 목포시 상동,경상사고,0,0,1,0,차대사람 - 횡단중,보행자보호의무위반,포장 - 젖음/습기,비,교차로 - 교차로횡단보도내,승용,남,31세,상해없음,보행자,남,35세,경상
2018122300100073,2018년 12월 23일 04시,일요일,전라남도 순천시 남정동,사망사고,1,0,0,0,차대사람 - 기타,과속,포장 - 젖음/습기,비,단일로 - 기타,승용,남,25세,상해없음,보행자,남,30세,사망
2018122300100085,2018년 12월 23일 05시,일요일,전라남도 여수시 국동,사망사고,1,0,0,0,차대사람 - 횡단중,신호위반,포장 - 젖음/습기,비,교차로 - 교차로부근,승용,남,27세,상해없음,보행자,여,90세 이상,사망
2018122300100140,2018년 12월 23일 10시,일요일,전라남도 나주시 봉황면,중상사고,0,1,0,0,차대사람 - 횡단중,안전운전불이행,포장 - 건조,맑음,교차로 - 교차로부근,화물,남,72세,상해없음,보행자,남,90세 이상,중상
2018122300100195,2018년 12월 23일 13시,일요일,전라남도 순천시 해룡면,경상사고,0,0,1,0,차대사람 - 차도통행중,안전운전불이행,포장 - 건조,맑음,단일로 - 기타,승용,여,44세,상해없음,보행자,남,9세,경상
2018122300100196,2018년 12월 23일 13시,일요일,전라남도 화순군 화순읍,사망사고,1,0,2,1,차대사람 - 기타,보행자보호의무위반,포장 - 건조,맑음,교차로 - 교차로안,화물,남,68세,부상신고,보행자,여,72세,사망
2018122300100253,2018년 12월 23일 15시,일요일,전라남도 여수시 둔덕동,경상사고,0,0,1,0,차대사람 - 횡단중,신호위반,포장 - 건조,맑음,단일로 - 기타,승용,여,67세,상해없음,보행자,남,23세,경상
2018122300100307,2018년 12월 23일 17시,일요일,전라남도 여수시 교동,경상사고,0,0,1,0,차대사람 - 기타,안전운전불이행,포장 - 건조,맑음,단일로 - 기타,승용,남,44세,상해없음,보행자,여,56세,경상
2018122300100367,2018년 12월 23일 19시,일요일,전라남도 여수시 공화동,중상사고,0,1,0,0,차대사람 - 기타,안전운전불이행,포장 - 건조,맑음,교차로 - 교차로안,승용,남,63세,상해없음,보행자,남,63세,중상
2018122300100386,2018년 12월 23일 20시,일요일,전라남도 목포시 죽교동,중상사고,0,1,0,0,차대사람 - 횡단중,안전운전불이행,포장 - 건조,기타,교차로 - 교차로안,승용,남,63세,상해없음,보행자,남,63세,중상
2018122400100391,2018년 12월 24일 16시,월요일,전라남도 목포시 산정동,경상사고,0,0,1,0,차대사람 - 기타,안전운전불이행,포장 - 건조,맑음,단일로 - 기타,승용,남,59세,상해없음,보행자,여,12세,경상
2018122400100480,2018년 12월 24일 18시,월요일,전라남도 여수시 문수동,경상사고,0,0,1,0,차대사람 - 횡단중,차로위반,포장 - 건조,맑음,단일로 - 기타,승용,여,56세,상해없음,보행자,여,44세,경상
2018122400100628,2018년 12월 24일 22시,월요일,전라남도 광양시 중동,경상사고,0,0,2,0,차대사람 - 횡단중,안전운전불이행,포장 - 건조,맑음,교차로 - 교차로부근,이륜,남,22세,경상,보행자,남,43세,경상
2018122500100107,2018년 12월 25일 09시,화요일,전라남도 목포시 용당동,중상사고,0,1,0,0,차대사람 - 횡단중,신호위반,포장 - 건조,맑음,교차로 - 교차로안,승용,여,37세,상해없음,보행자,여,74세,중상
2018122500100211,2018년 12월 25일 15시,화요일,전라남도 여수시 학동,중상사고,0,1,0,0,차대사람 - 기타,안전운전불이행,포장 - 건조,맑음,단일로 - 기타,승합,남,61세,상해없음,보행자,여,69세,중상
2018122500100258,2018년 12월 25일 17시,화요일,전라남도 여수시 화장동,경상사고,0,0,1,0,차대사람 - 횡단중,보행자보호의무위반,포장 - 건조,맑음,교차로 - 교차로부근,화물,남,44세,상해없음,보행자,여,63세,경상
2018122600100134,2018년 12월 26일 09시,수요일,전라남도 보성군 득량면,중상사고,0,1,0,0,차대사람 - 기타,안전운전불이행,포장 - 건조,맑음,기타 - 기타,승용,남,49세,상해없음,보행자,여,71세,중상
2018122600100184,2018년 12월 26일 11시,수요일,전라남도 장흥군 관산읍,경상사고,0,0,1,0,차대사람 - 길가장자리구역통행중,안전운전불이행,포장 - 건조,맑음,교차로 - 교차로안,승용,남,69세,상해없음,보행자,여,83세,경상
2018122600100328,2018년 12월 26일 15시,수요일,전라남도 무안군 삼향읍,중상사고,0,1,0,0,차대사람 - 횡단중,안전운전불이행,포장 - 건조,맑음,교차로 - 교차로횡단보도내,승용,여,37세,상해없음,보행자,여,11세,중상
2018122600100360,2018년 12월 26일 16시,수요일,전라남도 순천시 조례동,경상사고,0,0,2,0,차대사람 - 차도통행중,안전운전불이행,포장 - 건조,맑음,단일로 - 기타,승용,여,64세,상해없음,보행자,여,53세,경상
2018122600100511,2018년 12월 26일 20시,수요일,전라남도 목포시 용당동,사망사고,1,1,0,0,차대사람 - 횡단중,안전운전불이행,포장 - 건조,맑음,단일로 - 기타,승합,남,32세,상해없음,보행자,남,58세,사망
2018122700100185,2018년 12월 27일 10시,목요일,전라남도 광양시 중동,경상사고,0,0,1,0,차대사람 - 기타,안전운전불이행,포장 - 건조,맑음,단일로 - 기타,승용,여,48세,상해없음,보행자,여,80세,경상
2018122700100444,2018년 12월 27일 18시,목요일,전라남도 목포시 옥암동,경상사고,0,0,1,0,차대사람 - 기타,교차로운행방법위반,포장 - 젖음/습기,눈,교차로 - 교차로안,승용,남,86세,상해없음,보행자,여,57세,경상
2018122700100446,2018년 12월 27일 18시,목요일,전라남도 광양시 중동,중상사고,0,1,0,0,차대사람 - 횡단중,안전운전불이행,포장 - 건조,맑음,교차로 - 교차로부근,승용,남,35세,상해없음,보행자,여,81세,중상
2018122700100447,2018년 12월 27일 18시,목요일,전라남도 광양시 봉강면,사망사고,1,0,0,0,차대사람 - 기타,안전운전불이행,포장 - 건조,맑음,단일로 - 기타,승용,여,52세,상해없음,보행자,남,55세,사망
2018122700100545,2018년 12월 27일 20시,목요일,전라남도 광양시 광양읍,중상사고,0,1,0,0,차대사람 - 기타,안전운전불이행,포장 - 건조,맑음,단일로 - 기타,승용,남,45세,상해없음,보행자,남,36세,중상
2018122800100388,2018년 12월 28일 16시,금요일,전라남도 목포시 산정동,경상사고,0,0,1,0,차대사람 - 차도통행중,안전운전불이행,포장 - 건조,맑음,단일로 - 기타,승용,남,53세,상해없음,보행자,남,11세,경상
2018122800100560,2018년 12월 28일 20시,금요일,전라남도 영광군 영광읍,경상사고,0,0,1,0,차대사람 - 차도통행중,안전운전불이행,포장 - 서리/결빙,흐림,단일로 - 기타,승용,남,42세,상해없음,보행자,여,76세,경상
2018122800100658,2018년 12월 28일 23시,금요일,전라남도 나주시 이창동,경상사고,0,0,1,0,차대사람 - 기타,안전운전불이행,포장 - 건조,맑음,단일로 - 기타,승용,남,31세,상해없음,보행자,남,51세,경상
2018122900100016,2018년 12월 29일 00시,토요일,전라남도 여수시 소호동,중상사고,0,1,0,0,차대사람 - 횡단중,안전운전불이행,포장 - 건조,맑음,교차로 - 교차로안,승용,남,29세,상해없음,보행자,남,44세,중상
2018122900100186,2018년 12월 29일 12시,토요일,전라남도 순천시 연향동,경상사고,0,0,1,0,차대사람 - 기타,안전운전불이행,포장 - 건조,맑음,단일로 - 기타,승용,여,37세,상해없음,보행자,남,67세,경상
2018123000100047,2018년 12월 30일 02시,일요일,전라남도 여수시 학동,경상사고,0,0,1,0,차대사람 - 길가장자리구역통행중,안전운전불이행,포장 - 건조,맑음,교차로 - 교차로안,승용,남,45세,상해없음,보행자,여,25세,경상
2018123000100217,2018년 12월 30일 15시,일요일,전라남도 장흥군 장흥읍,경상사고,0,0,1,0,차대사람 - 기타,안전운전불이행,포장 - 건조,맑음,교차로 - 교차로안,승용,남,47세,상해없음,보행자,여,73세,경상
2018123000100341,2018년 12월 30일 20시,일요일,전라남도 광양시 중동,사망사고,1,0,0,0,차대사람 - 횡단중,안전운전불이행,포장 - 건조,맑음,단일로 - 기타,승용,남,68세,상해없음,보행자,여,65세,사망
2018123100100058,2018년 12월 31일 06시,월요일,전라남도 나주시 빛가람동,사망사고,1,0,0,0,차대사람 - 횡단중,과속,포장 - 건조,맑음,교차로 - 교차로부근,승용,남,32세,상해없음,보행자,여,68세,사망
2018123100100071,2018년 12월 31일 07시,월요일,전라남도 여수시 남산동,중상사고,0,1,0,0,차대사람 - 횡단중,안전운전불이행,포장 - 건조,맑음,단일로 - 기타,화물,남,56세,상해없음,보행자,여,69세,중상
2018123100100207,2018년 12월 31일 12시,월요일,전라남도 여수시 신기동,중상사고,0,1,0,0,차대사람 - 기타,보행자보호의무위반,포장 - 건조,맑음,단일로 - 기타,승용,남,63세,상해없음,보행자,여,67세,중상
2018123100100319,2018년 12월 31일 15시,월요일,전라남도 목포시 연산동,중상사고,0,1,0,0,차대사람 - 횡단중,안전운전불이행,포장 - 건조,맑음,교차로 - 교차로횡단보도내,화물,남,42세,상해없음,보행자,여,53세,중상
2018123100100451,2018년 12월 31일 18시,월요일,전라남도 보성군 조성면,경상사고,0,0,1,0,차대사람 - 차도통행중,안전운전불이행,포장 - 건조,맑음,단일로 - 기타,승용,남,34세,상해없음,보행자,남,53세,경상
2018123100100509,2018년 12월 31일 19시,월요일,전라남도 보성군 보성읍,중상사고,0,1,1,0,차대사람 - 횡단중,안전운전불이행,포장 - 건조,맑음,단일로 - 기타,화물,남,52세,상해없음,보행자,여,15세,중상
2018123100100600,2018년 12월 31일 22시,월요일,전라남도 여수시 율촌면,중상사고,0,1,0,0,차대사람 - 횡단중,보행자보호의무위반,포장 - 건조,맑음,단일로 - 기타,승용,남,51세,상해없음,보행자,여,77세,중상
2019010100100105,2019년 1월 1일 07시,화요일,전라남도 광양시 성황동,경상사고,0,0,1,0,차대사람 - 기타,안전운전불이행,포장 - 건조,맑음,단일로 - 기타,기타불명,기타불명,미분류,기타불명,보행자,남,30세,경상
2019010100100165,2019년 1월 1일 12시,화요일,전라남도 여수시 해산동,경상사고,0,0,1,0,차대사람 - 기타,안전운전불이행,포장 - 건조,맑음,기타 - 기타,화물,남,45세,상해없음,보행자,여,57세,경상
2019010100100314,2019년 1월 1일 20시,화요일,전라남도 강진군 강진읍,경상사고,0,0,1,0,차대사람 - 횡단중,안전운전불이행,포장 - 건조,맑음,교차로 - 교차로안,승용,남,48세,상해없음,보행자,남,38세,경상
2019010200100283,2019년 1월 2일 15시,수요일,전라남도 곡성군 곡성읍,경상사고,0,0,1,0,차대사람 - 횡단중,안전운전불이행,포장 - 건조,맑음,단일로 - 기타,승용,남,26세,상해없음,보행자,남,84세,경상
2019010200100310,2019년 1월 2일 16시,수요일,전라남도 구례군 구례읍,중상사고,0,1,0,0,차대사람 - 기타,안전운전불이행,포장 - 건조,맑음,단일로 - 기타,화물,남,55세,상해없음,보행자,여,51세,중상
2019010200100465,2019년 1월 2일 20시,수요일,전라남도 목포시 옥암동,경상사고,0,0,1,0,차대사람 - 기타,안전운전불이행,포장 - 건조,맑음,기타 - 기타,승용,남,50세,상해없음,보행자,여,52세,경상
2019010200100466,2019년 1월 2일 20시,수요일,전라남도 광양시 중동,경상사고,0,0,1,0,차대사람 - 횡단중,안전운전불이행,포장 - 건조,맑음,교차로 - 교차로횡단보도내,승용,남,59세,상해없음,보행자,남,40세,경상
2019010300100078,2019년 1월 3일 06시,목요일,전라남도 목포시 용해동,중상사고,0,1,0,0,차대사람 - 횡단중,신호위반,포장 - 건조,맑음,교차로 - 교차로횡단보도내,승용,남,21세,상해없음,보행자,남,65세,중상
2019010300100297,2019년 1월 3일 15시,목요일,전라남도 여수시 미평동,중상사고,0,1,0,0,차대사람 - 횡단중,안전운전불이행,포장 - 건조,맑음,교차로 - 교차로안,승용,남,59세,상해없음,보행자,여,76세,중상
2019010300100350,2019년 1월 3일 17시,목요일,전라남도 광양시 광양읍,경상사고,0,0,1,0,차대사람 - 횡단중,안전운전불이행,포장 - 건조,맑음,단일로 - 기타,화물,여,23세,상해없음,보행자,남,44세,경상
2019010300100484,2019년 1월 3일 21시,목요일,전라남도 화순군 도곡면,중상사고,0,1,0,0,차대사람 - 횡단중,안전운전불이행,포장 - 건조,맑음,교차로 - 교차로안,화물,남,58세,상해없음,보행자,남,48세,중상
2019010400100054,2019년 1월 4일 05시,금요일,전라남도 목포시 용당동,중상사고,0,1,0,0,차대사람 - 기타,안전운전불이행,포장 - 건조,맑음,단일로 - 기타,승용,남,81세,상해없음,보행자,남,79세,중상
2019010400100230,2019년 1월 4일 13시,금요일,전라남도 순천시 조례동,경상사고,0,0,1,0,차대사람 - 기타,교차로운행방법위반,포장 - 건조,맑음,기타 - 기타,승합,남,60세,상해없음,보행자,남,40세,경상
2019010400100231,2019년 1월 4일 13시,금요일,전라남도 무안군 삼향읍,중상사고,0,1,0,0,차대사람 - 기타,안전운전불이행,포장 - 건조,맑음,교차로 - 교차로부근,승용,남,76세,기타불명,보행자,남,18세,중상
2019010400100333,2019년 1월 4일 17시,금요일,전라남도 순천시 조례동,경상사고,0,0,1,0,차대사람 - 기타,보행자보호의무위반,포장 - 건조,맑음,단일로 - 기타,승용,여,57세,상해없음,보행자,여,22세,경상
2019010400100380,2019년 1월 4일 18시,금요일,전라남도 목포시 산정동,경상사고,0,0,1,0,차대사람 - 기타,안전운전불이행,포장 - 건조,맑음,기타 - 기타,승용,남,69세,상해없음,보행자,남,70세,경상
2019010400100381,2019년 1월 4일 18시,금요일,전라남도 여수시 교동,중상사고,0,1,0,0,차대사람 - 기타,기타,포장 - 건조,맑음,단일로 - 기타,승합,남,59세,상해없음,보행자,여,70세,중상
2019010500100073,2019년 1월 5일 03시,토요일,전라남도 목포시 산정동,경상사고,0,0,1,0,차대사람 - 기타,중앙선침범,포장 - 건조,흐림,단일로 - 기타,승용,남,32세,상해없음,보행자,남,36세,경상
2019010500100188,2019년 1월 5일 11시,토요일,전라남도 완도군 완도읍,경상사고,0,0,1,0,차대사람 - 기타,안전운전불이행,포장 - 건조,맑음,단일로 - 기타,승용,여,38세,상해없음,보행자,여,71세,경상
2019010500100278,2019년 1월 5일 14시,토요일,전라남도 신안군 압해읍,경상사고,0,0,1,0,차대사람 - 기타,안전운전불이행,포장 - 건조,맑음,교차로 - 교차로안,승용,여,58세,상해없음,보행자,여,80세,경상
2019010500100400,2019년 1월 5일 18시,토요일,전라남도 영광군 홍농읍,중상사고,0,1,0,0,차대사람 - 횡단중,안전운전불이행,포장 - 건조,맑음,단일로 - 기타,승용,남,70세,상해없음,보행자,남,42세,중상
2019010600100180,2019년 1월 6일 13시,일요일,전라남도 해남군 해남읍,중상사고,0,1,0,0,차대사람 - 횡단중,안전운전불이행,포장 - 건조,맑음,교차로 - 교차로안,승용,남,66세,상해없음,보행자,여,70세,중상
2019010600100200,2019년 1월 6일 14시,일요일,전라남도 목포시 상동,경상사고,0,0,1,0,차대사람 - 기타,안전운전불이행,포장 - 건조,맑음,주차장 - 주차장,승용,여,30세,상해없음,보행자,남,32세,경상
2019010600100201,2019년 1월 6일 14시,일요일,전라남도 순천시 야흥동,경상사고,0,0,1,0,차대사람 - 횡단중,안전운전불이행,포장 - 건조,맑음,단일로 - 기타,건설기계,남,44세,상해없음,보행자,남,66세,경상
2019010600100261,2019년 1월 6일 17시,일요일,전라남도 여수시 서교동,경상사고,0,0,1,0,차대사람 - 횡단중,신호위반,포장 - 건조,맑음,단일로 - 기타,화물,남,51세,상해없음,보행자,여,33세,경상
2019010600100262,2019년 1월 6일 17시,일요일,전라남도 광양시 중동,중상사고,0,1,0,0,차대사람 - 횡단중,안전운전불이행,포장 - 건조,맑음,교차로 - 교차로부근,승용,남,55세,상해없음,보행자,여,88세,중상
2019010600100309,2019년 1월 6일 19시,일요일,전라남도 고흥군 고흥읍,중상사고,0,1,0,0,차대사람 - 횡단중,안전운전불이행,포장 - 건조,맑음,단일로 - 기타,승용,남,32세,상해없음,보행자,여,9세,중상
2019010700100053,2019년 1월 7일 05시,월요일,전라남도 나주시 다시면,경상사고,0,0,1,0,차대사람 - 차도통행중,안전운전불이행,포장 - 건조,맑음,단일로 - 기타,승용,여,31세,상해없음,보행자,여,78세,경상
2019010700100122,2019년 1월 7일 08시,월요일,전라남도 해남군 북평면,경상사고,0,0,1,0,차대사람 - 기타,안전운전불이행,포장 - 건조,맑음,단일로 - 기타,승용,남,64세,상해없음,보행자,여,62세,경상
2019010700100174,2019년 1월 7일 10시,월요일,전라남도 구례군 산동면,중상사고,0,1,0,0,차대사람 - 기타,안전운전불이행,포장 - 건조,맑음,기타 - 기타,화물,남,71세,상해없음,보행자,여,80세,중상
2019010700100200,2019년 1월 7일 11시,월요일,전라남도 장흥군 장흥읍,경상사고,0,0,1,0,차대사람 - 차도통행중,안전운전불이행,포장 - 건조,맑음,단일로 - 기타,승용,남,74세,상해없음,보행자,여,36세,경상
2019010700100227,2019년 1월 7일 12시,월요일,전라남도 광양시 광양읍,중상사고,0,1,0,0,차대사람 - 기타,기타,포장 - 건조,맑음,단일로 - 기타,승용,남,64세,상해없음,보행자,여,79세,중상
2019010700100285,2019년 1월 7일 14시,월요일,전라남도 담양군 무정면,중상사고,0,1,0,0,차대사람 - 기타,안전운전불이행,포장 - 건조,맑음,단일로 - 기타,승용,여,53세,상해없음,보행자,남,25세,중상
2019010700100445,2019년 1월 7일 19시,월요일,전라남도 여수시 미평동,경상사고,0,0,1,0,차대사람 - 횡단중,보행자보호의무위반,포장 - 건조,맑음,교차로 - 교차로횡단보도내,승용,남,66세,상해없음,보행자,남,37세,경상
2019010800100095,2019년 1월 8일 07시,화요일,전라남도 화순군 화순읍,중상사고,0,1,0,0,차대사람 - 기타,안전운전불이행,포장 - 건조,맑음,기타 - 기타,승용,남,28세,상해없음,보행자,여,60세,중상
2019010800100263,2019년 1월 8일 13시,화요일,전라남도 여수시 서교동,부상신고사고,0,0,0,1,차대사람 - 기타,안전운전불이행,포장 - 건조,맑음,단일로 - 기타,승용,남,56세,상해없음,보행자,남,62세,부상신고
2019010800100317,2019년 1월 8일 15시,화요일,전라남도 구례군 구례읍,중상사고,0,1,0,0,차대사람 - 차도통행중,안전운전불이행,포장 - 건조,맑음,교차로 - 교차로부근,승용,남,38세,상해없음,보행자,여,77세,중상
2019010800100349,2019년 1월 8일 16시,화요일,전라남도 목포시 상동,중상사고,0,1,0,0,차대사람 - 기타,안전운전불이행,포장 - 건조,맑음,교차로 - 교차로안,승용,여,23세,상해없음,보행자,여,54세,중상
2019010800100508,2019년 1월 8일 21시,화요일,전라남도 목포시 상동,경상사고,0,0,1,0,차대사람 - 기타,안전운전불이행,포장 - 건조,맑음,단일로 - 기타,승용,남,32세,상해없음,보행자,남,53세,경상
2019010900100116,2019년 1월 9일 08시,수요일,전라남도 순천시 조곡동,중상사고,0,1,0,0,차대사람 - 기타,안전운전불이행,포장 - 건조,맑음,교차로 - 교차로횡단보도내,승용,남,43세,상해없음,보행자,여,85세,중상
2019010900100135,2019년 1월 9일 09시,수요일,전라남도 해남군 해남읍,중상사고,0,1,0,0,차대사람 - 기타,안전운전불이행,포장 - 건조,맑음,단일로 - 기타,승용,남,66세,상해없음,보행자,여,50세,중상
2019010900100136,2019년 1월 9일 09시,수요일,전라남도 해남군 문내면,중상사고,0,1,0,0,차대사람 - 기타,안전운전불이행,포장 - 건조,맑음,단일로 - 기타,화물,남,72세,상해없음,보행자,남,52세,중상
2019010900100187,2019년 1월 9일 11시,수요일,전라남도 여수시 관문동,중상사고,0,1,0,0,차대사람 - 횡단중,보행자보호의무위반,포장 - 건조,맑음,단일로 - 기타,화물,남,33세,상해없음,보행자,여,79세,중상
2019011000100134,2019년 1월 10일 09시,목요일,전라남도 여수시 교동,경상사고,0,0,1,0,차대사람 - 보도통행중,보행자보호의무위반,포장 - 건조,맑음,단일로 - 기타,승용,여,26세,상해없음,보행자,남,22세,경상
2019011000100246,2019년 1월 10일 14시,목요일,전라남도 여수시 선원동,중상사고,0,1,0,0,차대사람 - 횡단중,신호위반,포장 - 건조,맑음,교차로 - 교차로횡단보도내,승용,여,58세,상해없음,보행자,남,71세,중상
2019011000100314,2019년 1월 10일 16시,목요일,전라남도 목포시 용해동,경상사고,0,0,1,0,차대사람 - 횡단중,중앙선침범,포장 - 건조,맑음,단일로 - 기타,화물,남,23세,상해없음,보행자,남,7세,경상
2019011000100316,2019년 1월 10일 16시,목요일,전라남도 진도군 진도읍,중상사고,0,1,0,0,차대사람 - 횡단중,안전운전불이행,포장 - 건조,맑음,단일로 - 기타,이륜,남,61세,상해없음,보행자,남,78세,중상
2019011000100394,2019년 1월 10일 18시,목요일,전라남도 목포시 상동,부상신고사고,0,0,0,1,차대사람 - 기타,안전운전불이행,포장 - 건조,맑음,기타 - 기타,승용,남,59세,상해없음,보행자,남,26세,부상신고
2019011100100132,2019년 1월 11일 07시,금요일,전라남도 무안군 일로읍,중상사고,0,1,0,0,차대사람 - 횡단중,안전운전불이행,포장 - 건조,맑음,교차로 - 교차로부근,승용,남,64세,상해없음,보행자,여,80세,중상
2019011100100177,2019년 1월 11일 09시,금요일,전라남도 보성군 조성면,중상사고,0,1,0,0,차대사람 - 차도통행중,교차로운행방법위반,포장 - 건조,맑음,교차로 - 교차로안,건설기계,남,54세,상해없음,보행자,남,90세 이상,중상
2019011100100457,2019년 1월 11일 18시,금요일,전라남도 순천시 인제동,경상사고,0,0,1,0,차대사람 - 기타,교차로운행방법위반,포장 - 건조,맑음,교차로 - 교차로안,승용,남,55세,상해없음,보행자,남,50세,경상
2019011100100489,2019년 1월 11일 19시,금요일,전라남도 목포시 상동,중상사고,0,1,0,0,차대사람 - 횡단중,보행자보호의무위반,포장 - 건조,맑음,단일로 - 기타,승용,남,27세,상해없음,보행자,여,56세,중상
2019011100100602,2019년 1월 11일 23시,금요일,전라남도 해남군 해남읍,경상사고,0,0,1,0,차대사람 - 횡단중,안전운전불이행,포장 - 건조,맑음,교차로 - 교차로부근,승용,남,38세,상해없음,보행자,남,41세,경상
2019011200100047,2019년 1월 12일 01시,토요일,전라남도 여수시 봉산동,중상사고,0,1,0,0,차대사람 - 횡단중,안전운전불이행,포장 - 젖음/습기,비,교차로 - 교차로안,승용,남,22세,상해없음,보행자,여,18세,중상
2019011200100060,2019년 1월 12일 02시,토요일,전라남도 광양시 중동,중상사고,0,1,0,0,차대사람 - 횡단중,안전운전불이행,포장 - 젖음/습기,비,교차로 - 교차로부근,승용,여,50세,상해없음,보행자,남,27세,중상
2019011200100281,2019년 1월 12일 13시,토요일,전라남도 순천시 저전동,경상사고,0,0,1,0,차대사람 - 횡단중,보행자보호의무위반,포장 - 건조,맑음,교차로 - 교차로횡단보도내,원동기,남,26세,상해없음,보행자,남,6세,경상
2019011200100415,2019년 1월 12일 18시,토요일,전라남도 무안군 무안읍,중상사고,0,1,0,0,차대사람 - 기타,안전운전불이행,포장 - 건조,기타,교차로 - 교차로부근,승용,남,45세,상해없음,보행자,남,54세,중상
2019011300100103,2019년 1월 13일 07시,일요일,전라남도 목포시 연산동,중상사고,0,1,0,0,차대사람 - 기타,교차로운행방법위반,포장 - 건조,맑음,교차로 - 교차로부근,승용,남,57세,상해없음,보행자,남,67세,중상
2019011300100336,2019년 1월 13일 19시,일요일,전라남도 목포시 대성동,중상사고,0,1,0,0,차대사람 - 횡단중,안전운전불이행,포장 - 건조,맑음,교차로 - 교차로부근,기타불명,기타불명,미분류,기타불명,보행자,남,68세,중상
2019011300100338,2019년 1월 13일 19시,일요일,전라남도 화순군 화순읍,경상사고,0,0,1,0,차대사람 - 차도통행중,안전운전불이행,포장 - 건조,맑음,교차로 - 교차로안,승용,남,43세,상해없음,보행자,남,56세,경상
2019011400100276,2019년 1월 14일 12시,월요일,전라남도 순천시 연향동,중상사고,0,1,0,0,차대사람 - 횡단중,보행자보호의무위반,포장 - 건조,맑음,교차로 - 교차로횡단보도내,승용,여,35세,상해없음,보행자,여,53세,중상
2019011400100455,2019년 1월 14일 18시,월요일,전라남도 여수시 학동,중상사고,0,1,0,0,차대사람 - 기타,안전운전불이행,포장 - 건조,맑음,단일로 - 기타,승용,여,32세,상해없음,보행자,여,44세,중상
2019011400100456,2019년 1월 14일 18시,월요일,전라남도 담양군 고서면,중상사고,0,1,0,0,차대사람 - 기타,안전운전불이행,포장 - 건조,맑음,단일로 - 기타,승용,여,32세,상해없음,보행자,남,86세,중상
2019011500100137,2019년 1월 15일 09시,화요일,전라남도 여수시 신기동,경상사고,0,0,1,0,차대사람 - 횡단중,보행자보호의무위반,포장 - 건조,맑음,단일로 - 기타,승합,남,48세,상해없음,보행자,여,39세,경상
2019011500100138,2019년 1월 15일 09시,화요일,전라남도 순천시 해룡면,경상사고,0,0,1,0,차대사람 - 횡단중,보행자보호의무위반,포장 - 건조,맑음,교차로 - 교차로부근,승용,여,43세,상해없음,보행자,여,23세,경상
2019011500100167,2019년 1월 15일 10시,화요일,전라남도 광양시 진상면,중상사고,0,1,0,0,차대사람 - 기타,안전운전불이행,포장 - 건조,맑음,단일로 - 기타,승용,남,57세,상해없음,보행자,여,84세,중상
2019011600100470,2019년 1월 16일 19시,수요일,전라남도 목포시 산정동,경상사고,0,0,1,0,차대사람 - 보도통행중,불법유턴,포장 - 건조,맑음,주차장 - 주차장,승용,여,58세,상해없음,보행자,남,34세,경상
2019011700100203,2019년 1월 17일 11시,목요일,전라남도 영광군 영광읍,중상사고,0,1,0,0,차대사람 - 길가장자리구역통행중,안전운전불이행,포장 - 건조,맑음,단일로 - 기타,승용,남,79세,상해없음,보행자,여,70세,중상
2019011700100227,2019년 1월 17일 12시,목요일,전라남도 여수시 선원동,경상사고,0,0,2,0,차대사람 - 횡단중,보행자보호의무위반,포장 - 건조,맑음,교차로 - 교차로횡단보도내,승용,남,29세,상해없음,보행자,여,49세,경상
2019011800100191,2019년 1월 18일 10시,금요일,전라남도 여수시 학동,경상사고,0,0,1,0,차대사람 - 기타,기타,포장 - 건조,맑음,단일로 - 기타,승용,남,58세,상해없음,보행자,남,62세,경상
2019011800100415,2019년 1월 18일 17시,금요일,전라남도 목포시 산정동,중상사고,0,1,0,0,차대사람 - 횡단중,신호위반,포장 - 건조,맑음,교차로 - 교차로횡단보도내,이륜,남,72세,상해없음,보행자,여,46세,중상
2019011800100477,2019년 1월 18일 18시,금요일,전라남도 광양시 금호동,경상사고,0,0,1,0,차대사람 - 횡단중,보행자보호의무위반,포장 - 건조,맑음,단일로 - 기타,승용,남,59세,상해없음,보행자,남,53세,경상