사고번호,사고일시,요일,시군구,사고내용,사망자수,중상자수,경상자수,부상신고자수,사고유형,법규위반,노면상태,기상상태,도로형태,가해운전자 차종,가해운전자 성별,가해운전자 연령,가해운전자 상해정도,피해운전자 차종,피해운전자 성별,피해운전자 연령,피해운전자 상해정도
2019090900100400,2019년 9월 9일 14시,월요일,전라남도 고흥군 대서면,경상사고,0,0,1,0,차대사람 - 기타,안전운전불이행,포장 - 건조,맑음,단일로 - 기타,승용,남,60세,상해없음,보행자,여,78세,경상
2019090900100439,2019년 9월 9일 15시,월요일,전라남도 담양군 담양읍,경상사고,0,0,1,0,차대사람 - 횡단중,보행자보호의무위반,포장 - 건조,맑음,교차로 - 교차로횡단보도내,승용,여,31세,상해없음,보행자,남,8세,경상
2019090900100489,2019년 9월 9일 16시,월요일,전라남도 여수시 미평동,중상사고,0,1,0,0,차대사람 - 길가장자리구역통행중,안전운전불이행,포장 - 건조,맑음,교차로 - 교차로안,승용,여,51세,상해없음,보행자,여,54세,중상
2019090900100490,2019년 9월 9일 16시,월요일,전라남도 장흥군 장흥읍,경상사고,0,0,1,0,차대사람 - 횡단중,안전운전불이행,포장 - 젖음/습기,비,교차로 - 교차로안,승합,남,60세,상해없음,보행자,남,47세,경상
2019090900100643,2019년 9월 9일 19시,월요일,전라남도 무안군 청계면,경상사고,0,0,1,0,차대사람 - 길가장자리구역통행중,안전운전불이행,포장 - 건조,맑음,교차로 - 교차로부근,승용,남,45세,상해없음,보행자,여,66세,경상
2019090900100644,2019년 9월 9일 19시,월요일,전라남도 광양시 광양읍,중상사고,0,1,0,0,차대사람 - 차도통행중,안전운전불이행,포장 - 젖음/습기,비,교차로 - 교차로안,승용,남,37세,상해없음,보행자,여,57세,중상
2019091000100095,2019년 9월 10일 05시,화요일,전라남도 목포시 산정동,경상사고,0,0,1,0,차대사람 - 기타,안전운전불이행,포장 - 건조,맑음,단일로 - 기타,화물,남,36세,상해없음,보행자,여,62세,경상
2019091000100138,2019년 9월 10일 07시,화요일,전라남도 여수시 공화동,경상사고,0,0,1,0,차대사람 - 횡단중,안전운전불이행,포장 - 건조,맑음,교차로 - 교차로부근,승용,여,38세,상해없음,보행자,남,14세,경상
2019091000100281,2019년 9월 10일 10시,화요일,전라남도 목포시 호남동,경상사고,0,0,1,0,차대사람 - 기타,안전운전불이행,포장 - 건조,맑음,기타 - 기타,기타불명,기타불명,미분류,기타불명,보행자,여,70세,경상
2019091000100282,2019년 9월 10일 10시,화요일,전라남도 순천시 인제동,중상사고,0,1,0,0,차대사람 - 횡단중,안전운전불이행,포장 - 건조,맑음,단일로 - 기타,화물,남,59세,상해없음,보행자,여,84세,중상
2019091000100398,2019년 9월 10일 13시,화요일,전라남도 무안군 무안읍,중상사고,0,1,0,0,차대사람 - 횡단중,안전운전불이행,포장 - 건조,맑음,교차로 - 교차로횡단보도내,승용,남,62세,상해없음,보행자,남,71세,중상
2019091000100482,2019년 9월 10일 15시,화요일,전라남도 나주시 산포면,경상사고,0,0,1,0,차대사람 - 횡단중,안전운전불이행,포장 - 건조,맑음,단일로 - 기타,승용,여,59세,상해없음,보행자,여,57세,경상
2019091000100717,2019년 9월 10일 20시,화요일,전라남도 목포시 상동,경상사고,0,0,1,0,차대사람 - 기타,안전운전불이행,포장 - 건조,맑음,교차로 - 교차로안,승용,여,62세,상해없음,보행자,남,43세,경상
2019091000100816,2019년 9월 10일 22시,화요일,전라남도 장흥군 장흥읍,경상사고,0,0,1,0,차대사람 - 차도통행중,안전운전불이행,포장 - 건조,맑음,단일로 - 기타,승용,남,26세,상해없음,보행자,남,40세,경상
2019091100100220,2019년 9월 11일 09시,수요일,전라남도 여수시 웅천동,경상사고,0,0,1,0,차대사람 - 기타,안전운전불이행,포장 - 건조,맑음,단일로 - 기타,승합,남,49세,상해없음,보행자,여,78세,경상
2019091100100222,2019년 9월 11일 09시,수요일,전라남도 순천시 덕암동,경상사고,0,0,1,0,차대사람 - 보도통행중,안전운전불이행,포장 - 건조,맑음,단일로 - 기타,기타불명,남,30세,상해없음,보행자,여,74세,경상
2019091100100428,2019년 9월 11일 14시,수요일,전라남도 여수시 신월동,경상사고,0,0,1,0,차대사람 - 횡단중,보행자보호의무위반,포장 - 건조,맑음,교차로 - 교차로안,승용,남,68세,상해없음,보행자,남,11세,경상
2019091100100543,2019년 9월 11일 16시,수요일,전라남도 목포시 상동,경상사고,0,0,1,0,차대사람 - 횡단중,안전운전불이행,포장 - 건조,맑음,단일로 - 기타,승용,여,36세,상해없음,보행자,여,59세,경상
2019091100100599,2019년 9월 11일 17시,수요일,전라남도 목포시 상동,경상사고,0,0,1,0,차대사람 - 기타,안전운전불이행,포장 - 건조,맑음,단일로 - 기타,화물,남,57세,상해없음,보행자,남,59세,경상
2019091100100728,2019년 9월 11일 19시,수요일,전라남도 목포시 산정동,중상사고,0,2,0,0,차대사람 - 횡단중,안전운전불이행,포장 - 건조,맑음,단일로 - 기타,이륜,남,19세,중상,보행자,여,56세,중상
2019091200100172,2019년 9월 12일 10시,목요일,전라남도 나주시 성북동,중상사고,0,1,0,0,차대사람 - 기타,기타,포장 - 건조,맑음,교차로 - 교차로부근,승합,남,56세,상해없음,보행자,여,84세,중상
2019091200100173,2019년 9월 12일 10시,목요일,전라남도 광양시 광양읍,경상사고,0,0,1,0,차대사람 - 기타,안전운전불이행,포장 - 건조,맑음,주차장 - 주차장,화물,남,68세,상해없음,보행자,남,69세,경상
2019091200100192,2019년 9월 12일 11시,목요일,전라남도 해남군 해남읍,중상사고,0,1,0,0,차대사람 - 기타,안전운전불이행,포장 - 건조,맑음,단일로 - 기타,사륜오토바이(ATV),남,85세,상해없음,보행자,여,81세,중상
2019091200100432,2019년 9월 12일 19시,목요일,전라남도 무안군 삼향읍,중상사고,0,1,0,0,차대사람 - 횡단중,신호위반,포장 - 건조,맑음,교차로 - 교차로횡단보도내,승용,남,19세,상해없음,보행자,남,12세,중상
2019091300100117,2019년 9월 13일 10시,금요일,전라남도 순천시 금곡동,중상사고,0,1,0,0,차대사람 - 기타,기타,포장 - 건조,맑음,단일로 - 기타,승용,남,69세,상해없음,보행자,여,90세 이상,중상
2019091300100310,2019년 9월 13일 16시,금요일,전라남도 강진군 강진읍,경상사고,0,0,1,0,차대사람 - 기타,안전운전불이행,비포장 - 건조,맑음,단일로 - 기타,승용,여,37세,상해없음,보행자,남,36세,경상
2019091300100430,2019년 9월 13일 22시,금요일,전라남도 여수시 남면,중상사고,0,1,0,0,차대사람 - 길가장자리구역통행중,안전운전불이행,포장 - 건조,맑음,단일로 - 기타,승용,남,54세,상해없음,보행자,여,35세,중상
2019091400100034,2019년 9월 14일 01시,토요일,전라남도 여수시 여서동,경상사고,0,0,1,0,차대사람 - 횡단중,신호위반,포장 - 건조,맑음,단일로 - 기타,이륜,남,33세,상해없음,보행자,남,24세,경상
2019091400100139,2019년 9월 14일 12시,토요일,전라남도 진도군 진도읍,경상사고,0,0,1,0,차대사람 - 기타,안전운전불이행,포장 - 건조,맑음,기타 - 기타,승용,남,40세,상해없음,보행자,남,13세,경상
2019091400100313,2019년 9월 14일 18시,토요일,전라남도 장성군 삼서면,중상사고,0,1,0,0,차대사람 - 기타,안전운전불이행,포장 - 건조,맑음,교차로 - 교차로안,화물,남,58세,상해없음,보행자,여,90세 이상,중상
2019091400100346,2019년 9월 14일 19시,토요일,전라남도 여수시 선원동,경상사고,0,0,1,0,차대사람 - 횡단중,신호위반,포장 - 건조,맑음,교차로 - 교차로횡단보도내,승용,남,60세,상해없음,보행자,남,19세,경상
2019091400100363,2019년 9월 14일 20시,토요일,전라남도 목포시 죽교동,중상사고,0,1,0,0,차대사람 - 횡단중,보행자보호의무위반,포장 - 건조,맑음,단일로 - 기타,승용,남,65세,상해없음,보행자,여,25세,중상
2019091500100046,2019년 9월 15일 02시,일요일,전라남도 목포시 상동,경상사고,0,0,1,0,차대사람 - 기타,안전운전불이행,포장 - 건조,맑음,단일로 - 기타,기타불명,기타불명,미분류,기타불명,보행자,남,23세,경상
2019091500100082,2019년 9월 15일 06시,일요일,전라남도 목포시 산정동,중상사고,0,1,0,0,차대사람 - 차도통행중,안전운전불이행,포장 - 건조,흐림,단일로 - 기타,승용,여,64세,상해없음,보행자,남,43세,중상
2019091500100122,2019년 9월 15일 10시,일요일,전라남도 목포시 죽교동,중상사고,0,1,1,0,차대사람 - 횡단중,교차로운행방법위반,포장 - 건조,맑음,교차로 - 교차로부근,승합,남,45세,상해없음,보행자,남,7세,중상
2019091500100143,2019년 9월 15일 11시,일요일,전라남도 순천시 덕암동,사망사고,1,0,0,0,차대사람 - 횡단중,안전운전불이행,포장 - 건조,맑음,단일로 - 기타,승합,남,51세,상해없음,보행자,남,69세,사망
2019091500100191,2019년 9월 15일 13시,일요일,전라남도 여수시 서교동,중상사고,0,1,0,0,차대사람 - 횡단중,안전운전불이행,포장 - 건조,맑음,교차로 - 교차로안,승용,남,56세,상해없음,보행자,남,67세,중상
2019091500100379,2019년 9월 15일 19시,일요일,전라남도 함평군 함평읍,사망사고,1,0,0,0,차대사람 - 횡단중,안전운전불이행,포장 - 건조,맑음,단일로 - 기타,승용,남,30세,상해없음,보행자,여,81세,사망
2019091500100431,2019년 9월 15일 21시,일요일,전라남도 영암군 삼호읍,경상사고,0,0,1,0,차대사람 - 차도통행중,안전운전불이행,포장 - 건조,맑음,교차로 - 교차로부근,승용,남,27세,상해없음,보행자,남,39세,경상
2019091600100145,2019년 9월 16일 08시,월요일,전라남도 무안군 삼향읍,경상사고,0,0,1,0,차대사람 - 기타,안전운전불이행,포장 - 건조,맑음,단일로 - 기타,자전거,남,24세,상해없음,보행자,여,61세,경상
2019091600100194,2019년 9월 16일 09시,월요일,전라남도 목포시 옥암동,중상사고,0,1,0,0,차대사람 - 기타,안전운전불이행,포장 - 건조,맑음,교차로 - 교차로안,승용,여,41세,상해없음,보행자,여,58세,중상
2019091600100612,2019년 9월 16일 20시,월요일,전라남도 목포시 산정동,경상사고,0,0,1,0,차대사람 - 기타,안전운전불이행,포장 - 건조,맑음,단일로 - 기타,승합,남,55세,상해없음,보행자,여,53세,경상
2019091700100142,2019년 9월 17일 08시,화요일,전라남도 목포시 산정동,중상사고,0,1,0,0,차대사람 - 기타,안전운전불이행,포장 - 건조,맑음,교차로 - 교차로부근,승용,여,58세,상해없음,보행자,남,71세,중상
2019091700100143,2019년 9월 17일 08시,화요일,전라남도 여수시 국동,사망사고,1,0,0,0,차대사람 - 횡단중,안전운전불이행,포장 - 건조,맑음,단일로 - 기타,승용,남,40세,기타불명,보행자,여,82세,사망
2019091700100373,2019년 9월 17일 14시,화요일,전라남도 함평군 함평읍,중상사고,0,1,0,0,차대사람 - 횡단중,보행자보호의무위반,포장 - 건조,맑음,교차로 - 교차로부근,승합,남,62세,상해없음,보행자,여,79세,중상
2019091700100631,2019년 9월 17일 20시,화요일,전라남도 장성군 서삼면,경상사고,0,0,1,0,차대사람 - 길가장자리구역통행중,안전운전불이행,포장 - 건조,맑음,단일로 - 기타,승용,남,64세,상해없음,보행자,남,63세,경상
2019091800100255,2019년 9월 18일 12시,수요일,전라남도 영광군 불갑면,부상신고사고,0,0,0,1,차대사람 - 횡단중,안전운전불이행,포장 - 건조,맑음,단일로 - 기타,이륜,남,83세,상해없음,보행자,남,4세,부상신고
2019091800100421,2019년 9월 18일 16시,수요일,전라남도 완도군 완도읍,경상사고,0,0,1,0,차대사람 - 기타,안전운전불이행,포장 - 건조,맑음,교차로 - 교차로부근,승용,여,38세,상해없음,보행자,남,13세,경상
2019091800100472,2019년 9월 18일 17시,수요일,전라남도 나주시 대호동,경상사고,0,0,1,0,차대사람 - 횡단중,안전운전불이행,포장 - 건조,맑음,주차장 - 주차장,승용,남,59세,상해없음,보행자,남,7세,경상
2019091800100474,2019년 9월 18일 17시,수요일,전라남도 강진군 병영면,중상사고,0,1,1,0,차대사람 - 기타,안전운전불이행,포장 - 건조,맑음,단일로 - 기타,자전거,남,15세,경상,보행자,여,62세,중상
2019091800100475,2019년 9월 18일 17시,수요일,전라남도 광양시 광양읍,경상사고,0,0,1,0,차대사람 - 기타,안전운전불이행,포장 - 건조,맑음,교차로 - 교차로안,승용,여,58세,상해없음,보행자,남,87세,경상
2019091800100533,2019년 9월 18일 18시,수요일,전라남도 보성군 벌교읍,경상사고,0,0,1,0,차대사람 - 길가장자리구역통행중,안전운전불이행,포장 - 건조,맑음,단일로 - 기타,화물,남,57세,상해없음,보행자,여,47세,경상
2019091800100600,2019년 9월 18일 19시,수요일,전라남도 목포시 상동,중상사고,0,1,0,0,차대사람 - 기타,과속,포장 - 건조,맑음,기타 - 기타,승용,남,21세,상해없음,보행자,남,16세,중상
2019091800100679,2019년 9월 18일 21시,수요일,전라남도 여수시 문수동,사망사고,1,0,0,0,차대사람 - 횡단중,안전운전불이행,포장 - 건조,맑음,교차로 - 교차로횡단보도내,승합,남,64세,상해없음,보행자,여,20세,사망
2019091800100680,2019년 9월 18일 21시,수요일,전라남도 영광군 염산면,경상사고,0,0,1,0,차대사람 - 기타,안전운전불이행,포장 - 건조,맑음,단일로 - 기타,승용,남,62세,상해없음,보행자,남,48세,경상
2019091900100162,2019년 9월 19일 08시,목요일,전라남도 고흥군 고흥읍,경상사고,0,0,1,0,차대사람 - 횡단중,안전운전불이행,포장 - 건조,맑음,단일로 - 기타,승용,여,44세,상해없음,보행자,남,14세,경상
2019091900100357,2019년 9월 19일 14시,목요일,전라남도 목포시 옥암동,중상사고,0,1,0,0,차대사람 - 횡단중,보행자보호의무위반,포장 - 건조,맑음,단일로 - 기타,사륜오토바이(ATV),남,53세,상해없음,보행자,남,70세,중상
2019091900100520,2019년 9월 19일 18시,목요일,전라남도 완도군 완도읍,중상사고,0,1,0,0,차대사람 - 기타,안전운전불이행,포장 - 건조,맑음,교차로 - 교차로부근,승용,남,34세,상해없음,보행자,여,62세,중상
2019091900100621,2019년 9월 19일 21시,목요일,전라남도 목포시 상동,중상사고,0,2,0,0,차대사람 - 횡단중,안전운전불이행,포장 - 건조,맑음,단일로 - 기타,이륜,남,46세,중상,보행자,여,44세,중상
2019092000100361,2019년 9월 20일 14시,금요일,전라남도 강진군 도암면,중상사고,0,1,0,0,차대사람 - 기타,안전운전불이행,포장 - 건조,맑음,교차로 - 교차로부근,승용,남,56세,상해없음,보행자,여,68세,중상
2019092000100485,2019년 9월 20일 17시,금요일,전라남도 광양시 광양읍,중상사고,0,1,0,0,차대사람 - 횡단중,안전운전불이행,포장 - 건조,맑음,단일로 - 기타,승용,남,39세,상해없음,보행자,여,37세,중상
2019092000100574,2019년 9월 20일 19시,금요일,전라남도 여수시 학동,경상사고,0,0,1,0,차대사람 - 횡단중,안전운전불이행,포장 - 건조,맑음,단일로 - 기타,승용,여,71세,상해없음,보행자,남,67세,경상
2019092100100041,2019년 9월 21일 00시,토요일,전라남도 순천시 조례동,경상사고,0,0,1,0,차대사람 - 차도통행중,안전운전불이행,포장 - 건조,맑음,단일로 - 기타,승용,남,68세,상해없음,보행자,남,25세,경상
2019092100100434,2019년 9월 21일 16시,토요일,전라남도 여수시 신기동,중상사고,0,1,0,0,차대사람 - 횡단중,안전운전불이행,포장 - 젖음/습기,비,교차로 - 교차로횡단보도내,승용,남,56세,상해없음,보행자,남,83세,중상
2019092100100575,2019년 9월 21일 19시,토요일,전라남도 나주시 금성동,경상사고,0,0,1,0,차대사람 - 횡단중,신호위반,포장 - 젖음/습기,비,교차로 - 교차로횡단보도내,이륜,남,36세,상해없음,보행자,여,32세,경상
2019092100100577,2019년 9월 21일 19시,토요일,전라남도 광양시 중동,중상사고,0,1,0,0,차대사람 - 보도통행중,안전운전불이행,포장 - 젖음/습기,비,교차로 - 교차로부근,원동기,남,22세,상해없음,보행자,여,56세,중상
2019092100100733,2019년 9월 21일 23시,토요일,전라남도 광양시 광양읍,중상사고,0,1,0,0,차대사람 - 기타,안전운전불이행,포장 - 젖음/습기,비,교차로 - 교차로부근,승용,남,62세,상해없음,보행자,남,25세,중상
2019092200100261,2019년 9월 22일 14시,일요일,전라남도 고흥군 고흥읍,중상사고,0,1,0,0,차대사람 - 기타,안전운전불이행,포장 - 젖음/습기,비,단일로 - 기타,화물,남,57세,상해없음,보행자,남,42세,중상
2019092300100077,2019년 9월 23일 06시,월요일,전라남도 여수시 여서동,경상사고,0,0,1,0,차대사람 - 차도통행중,안전운전불이행,포장 - 건조,맑음,교차로 - 교차로부근,승용,남,62세,상해없음,보행자,남,8세,경상
2019092300100182,2019년 9월 23일 09시,월요일,전라남도 순천시 장천동,중상사고,0,1,0,0,차대사람 - 횡단중,신호위반,포장 - 건조,맑음,교차로 - 교차로횡단보도내,승용,남,36세,상해없음,보행자,여,76세,중상
2019092300100509,2019년 9월 23일 18시,월요일,전라남도 무안군 무안읍,중상사고,0,1,0,0,차대사람 - 기타,안전운전불이행,포장 - 건조,맑음,교차로 - 교차로부근,화물,남,60세,상해없음,보행자,남,60세,중상
2019092300100646,2019년 9월 23일 22시,월요일,전라남도 광양시 마동,경상사고,0,0,1,0,차대사람 - 기타,안전운전불이행,포장 - 건조,맑음,단일로 - 기타,승용,여,45세,상해없음,보행자,남,49세,경상
2019092400100271,2019년 9월 24일 11시,화요일,전라남도 목포시 상동,경상사고,0,0,1,0,차대사람 - 기타,보행자보호의무위반,포장 - 건조,맑음,교차로 - 교차로횡단보도내,승합,남,68세,상해없음,보행자,남,65세,경상
2019092400100303,2019년 9월 24일 12시,화요일,전라남도 목포시 상동,중상사고,0,1,0,0,차대사람 - 보도통행중,기타,포장 - 건조,맑음,단일로 - 기타,승용,남,28세,상해없음,보행자,남,26세,중상
2019092400100350,2019년 9월 24일 13시,화요일,전라남도 구례군 구례읍,경상사고,0,0,1,0,차대사람 - 기타,안전운전불이행,포장 - 건조,맑음,단일로 - 기타,이륜,남,87세,상해없음,보행자,여,68세,경상
2019092400100712,2019년 9월 24일 21시,화요일,전라남도 목포시 산정동,중상사고,0,3,1,0,차대사람 - 횡단중,보행자보호의무위반,포장 - 건조,맑음,교차로 - 교차로횡단보도내,승용,남,56세,상해없음,보행자,여,60세,중상
2019092500100268,2019년 9월 25일 11시,수요일,전라남도 해남군 해남읍,경상사고,0,0,1,0,차대사람 - 기타,안전운전불이행,포장 - 건조,맑음,단일로 - 기타,화물,남,54세,상해없음,보행자,남,85세,경상
2019092500100298,2019년 9월 25일 12시,수요일,전라남도 강진군 강진읍,중상사고,0,1,0,0,차대사람 - 기타,안전운전불이행,포장 - 건조,맑음,교차로 - 교차로부근,승용,여,50세,상해없음,보행자,여,51세,중상
2019092500100482,2019년 9월 25일 17시,수요일,전라남도 목포시 산정동,경상사고,0,0,1,0,차대사람 - 기타,안전운전불이행,포장 - 건조,맑음,단일로 - 기타,화물,남,75세,상해없음,보행자,남,55세,경상
2019092500100625,2019년 9월 25일 20시,수요일,전라남도 장성군 북이면,경상사고,0,0,1,0,차대사람 - 기타,안전운전불이행,포장 - 건조,맑음,단일로 - 기타,기타불명,기타불명,미분류,기타불명,보행자,남,47세,경상
2019092500100662,2019년 9월 25일 21시,수요일,전라남도 화순군 화순읍,경상사고,0,0,1,0,차대사람 - 횡단중,안전운전불이행,포장 - 건조,맑음,교차로 - 교차로안,승용,남,42세,상해없음,보행자,남,7세,경상
2019092600100097,2019년 9월 26일 07시,목요일,전라남도 순천시 별량면,경상사고,0,0,1,0,차대사람 - 차도통행중,안전운전불이행,포장 - 건조,맑음,단일로 - 기타,화물,남,50세,상해없음,보행자,남,70세,경상
2019092600100162,2019년 9월 26일 09시,목요일,전라남도 해남군 해남읍,중상사고,0,1,0,0,차대사람 - 차도통행중,안전운전불이행,포장 - 건조,맑음,단일로 - 기타,승용,남,71세,상해없음,보행자,여,84세,중상
2019092600100230,2019년 9월 26일 11시,목요일,전라남도 목포시 상동,경상사고,0,0,1,0,차대사람 - 횡단중,보행자보호의무위반,포장 - 건조,맑음,단일로 - 기타,기타불명,기타불명,미분류,기타불명,보행자,여,13세,경상
2019092600100494,2019년 9월 26일 18시,목요일,전라남도 목포시 옥암동,경상사고,0,0,1,0,차대사람 - 기타,안전운전불이행,포장 - 건조,맑음,기타 - 기타,자전거,여,52세,경상,보행자,여,25세,상해없음
2019092600100549,2019년 9월 26일 19시,목요일,전라남도 신안군 지도읍,중상사고,0,1,0,0,차대사람 - 기타,안전운전불이행,포장 - 건조,맑음,단일로 - 기타,화물,남,77세,상해없음,보행자,남,70세,중상
2019092600100550,2019년 9월 26일 19시,목요일,전라남도 순천시 해룡면,중상사고,0,1,0,0,차대사람 - 기타,보행자보호의무위반,포장 - 건조,맑음,교차로 - 교차로안,승용,남,33세,상해없음,보행자,여,28세,중상
2019092600100619,2019년 9월 26일 21시,목요일,전라남도 장흥군 장흥읍,경상사고,0,0,1,0,차대사람 - 차도통행중,안전운전불이행,포장 - 건조,맑음,교차로 - 교차로부근,승용,남,46세,상해없음,보행자,여,57세,경상
2019092600100641,2019년 9월 26일 22시,목요일,전라남도 여수시 화장동,경상사고,0,0,1,0,차대사람 - 횡단중,신호위반,포장 - 건조,맑음,교차로 - 교차로부근,승용,남,28세,상해없음,보행자,남,53세,경상
2019092700100103,2019년 9월 27일 06시,금요일,전라남도 목포시 산정동,중상사고,0,1,0,0,차대사람 - 기타,안전운전불이행,포장 - 건조,맑음,단일로 - 기타,자전거,여,67세,상해없음,보행자,여,74세,중상
2019092700100167,2019년 9월 27일 08시,금요일,전라남도 보성군 보성읍,경상사고,0,0,1,0,차대사람 - 길가장자리구역통행중,안전운전불이행,포장 - 건조,맑음,단일로 - 기타,승용,여,41세,상해없음,보행자,여,74세,경상
2019092700100393,2019년 9월 27일 14시,금요일,전라남도 여수시 서교동,중상사고,0,1,0,0,차대사람 - 횡단중,안전운전불이행,포장 - 건조,맑음,단일로 - 기타,화물,남,42세,상해없음,보행자,남,71세,중상
2019092700100472,2019년 9월 27일 16시,금요일,전라남도 순천시 해룡면,경상사고,0,0,1,0,차대사람 - 횡단중,보행자보호의무위반,포장 - 건조,맑음,교차로 - 교차로횡단보도내,승용,남,39세,상해없음,보행자,여,7세,경상
2019092700100574,2019년 9월 27일 18시,금요일,전라남도 여수시 수정동,경상사고,0,0,3,0,차대사람 - 횡단중,보행자보호의무위반,포장 - 젖음/습기,비,교차로 - 교차로부근,승용,남,34세,상해없음,보행자,여,33세,경상
2019092700100762,2019년 9월 27일 23시,금요일,전라남도 여수시 광무동,중상사고,0,1,0,0,차대사람 - 횡단중,과속,포장 - 건조,맑음,교차로 - 교차로안,승용,남,67세,상해없음,보행자,남,55세,중상
2019092800100069,2019년 9월 28일 01시,토요일,전라남도 강진군 병영면,사망사고,1,0,0,0,차대사람 - 기타,안전운전불이행,포장 - 건조,맑음,단일로 - 기타,화물,남,47세,상해없음,보행자,남,35세,사망
2019092800100316,2019년 9월 28일 12시,토요일,전라남도 장성군 장성읍,경상사고,0,0,1,0,차대사람 - 기타,안전운전불이행,포장 - 건조,맑음,단일로 - 기타,승용,여,46세,상해없음,보행자,남,37세,경상
2019092800100369,2019년 9월 28일 13시,토요일,전라남도 진도군 군내면,부상신고사고,0,0,0,1,차대사람 - 기타,안전운전불이행,포장 - 건조,맑음,교차로 - 교차로안,승용,남,68세,상해없음,보행자,남,21세,부상신고
2019092800100583,2019년 9월 28일 18시,토요일,전라남도 강진군 강진읍,경상사고,0,0,1,0,차대사람 - 기타,안전운전불이행,포장 - 건조,맑음,단일로 - 기타,이륜,남,71세,상해없음,보행자,여,59세,경상
2019092800100772,2019년 9월 28일 23시,토요일,전라남도 영광군 영광읍,중상사고,0,1,0,0,차대사람 - 기타,안전운전불이행,포장 - 건조,맑음,주차장 - 주차장,승용,남,57세,상해없음,보행자,여,63세,중상
2019092900100031,2019년 9월 29일 00시,일요일,전라남도 목포시 상동,경상사고,0,0,1,0,차대사람 - 횡단중,보행자보호의무위반,포장 - 건조,맑음,단일로 - 기타,승용,남,55세,상해없음,보행자,남,40세,경상
2019092900100081,2019년 9월 29일 05시,일요일,전라남도 목포시 산정동,중상사고,0,1,0,0,차대사람 - 기타,중앙선침범,포장 - 건조,맑음,단일로 - 기타,승용,여,50세,상해없음,보행자,여,22세,중상
2019092900100082,2019년 9월 29일 05시,일요일,전라남도 순천시 연향동,경상사고,0,0,1,0,차대사람 - 횡단중,신호위반,포장 - 건조,맑음,교차로 - 교차로횡단보도내,화물,남,68세,상해없음,보행자,남,43세,경상
2019092900100164,2019년 9월 29일 10시,일요일,전라남도 순천시 덕암동,경상사고,0,0,1,0,차대사람 - 길가장자리구역통행중,안전운전불이행,포장 - 건조,맑음,단일로 - 기타,승용,남,48세,상해없음,보행자,여,65세,경상
2019092900100221,2019년 9월 29일 12시,일요일,전라남도 목포시 산정동,경상사고,0,0,1,0,차대사람 - 기타,안전운전불이행,포장 - 건조,맑음,단일로 - 기타,승용,남,28세,상해없음,보행자,여,4세,경상
2019092900100222,2019년 9월 29일 12시,일요일,전라남도 여수시 봉산동,경상사고,0,0,1,0,차대사람 - 기타,안전운전불이행,포장 - 건조,맑음,기타 - 기타,기타불명,기타불명,미분류,기타불명,보행자,남,62세,경상
2019092900100278,2019년 9월 29일 14시,일요일,전라남도 무안군 운남면,사망사고,1,0,0,0,차대사람 - 기타,안전운전불이행,포장 - 건조,맑음,단일로 - 기타,화물,남,35세,상해없음,보행자,남,88세,사망
2019092900100359,2019년 9월 29일 16시,일요일,전라남도 진도군 진도읍,중상사고,0,1,0,0,차대사람 - 횡단중,보행자보호의무위반,포장 - 건조,맑음,교차로 - 교차로횡단보도내,화물,남,67세,상해없음,보행자,여,4세,중상
2019092900100398,2019년 9월 29일 17시,일요일,전라남도 순천시 장천동,경상사고,0,0,1,0,차대사람 - 기타,안전운전불이행,포장 - 건조,맑음,주차장 - 주차장,승합,남,56세,상해없음,보행자,남,32세,경상
2019092900100434,2019년 9월 29일 18시,일요일,전라남도 광양시 옥곡면,경상사고,0,0,1,0,차대사람 - 기타,안전운전불이행,포장 - 건조,맑음,단일로 - 기타,승합,여,53세,상해없음,보행자,남,86세,경상
2019092900100476,2019년 9월 29일 19시,일요일,전라남도 목포시 용당동,경상사고,0,0,1,0,차대사람 - 기타,안전운전불이행,포장 - 건조,맑음,주차장 - 주차장,화물,남,56세,상해없음,보행자,남,55세,경상
2019093000100150,2019년 9월 30일 08시,월요일,전라남도 고흥군 포두면,경상사고,0,0,1,0,차대사람 - 길가장자리구역통행중,안전운전불이행,포장 - 건조,맑음,단일로 - 기타,화물,남,70세,상해없음,보행자,여,73세,경상
2019093000100221,2019년 9월 30일 10시,월요일,전라남도 목포시 명륜동,중상사고,0,1,0,0,차대사람 - 기타,기타,포장 - 건조,맑음,단일로 - 기타,승합,남,54세,상해없음,보행자,여,79세,중상
2019093000100330,2019년 9월 30일 13시,월요일,전라남도 화순군 화순읍,중상사고,0,2,1,0,차대사람 - 횡단중,신호위반,포장 - 건조,맑음,교차로 - 교차로횡단보도내,이륜,남,51세,경상,보행자,남,22세,중상
2019093000100458,2019년 9월 30일 16시,월요일,전라남도 무안군 삼향읍,중상사고,0,1,0,0,차대사람 - 횡단중,신호위반,포장 - 건조,맑음,교차로 - 교차로횡단보도내,화물,남,76세,상해없음,보행자,여,53세,중상
2019093000100731,2019년 9월 30일 23시,월요일,전라남도 순천시 조곡동,경상사고,0,0,1,0,차대사람 - 기타,안전운전불이행,포장 - 건조,맑음,단일로 - 기타,승용,여,50세,상해없음,보행자,여,77세,경상