사고번호,사고일시,요일,시군구,사고내용,사망자수,중상자수,경상자수,부상신고자수,사고유형,법규위반,노면상태,기상상태,도로형태,가해운전자 차종,가해운전자 성별,가해운전자 연령,가해운전자 상해정도,피해운전자 차종,피해운전자 성별,피해운전자 연령,피해운전자 상해정도
2020110300100475,2020년 11월 3일 17시,화요일,전라남도 목포시 용당동,부상신고사고,0,0,0,1,차대사람 - 기타,안전운전불이행,포장 - 건조,기타,기타 - 기타,승합,여,52세,상해없음,보행자,남,45세,부상신고
2020110300100588,2020년 11월 3일 19시,화요일,전라남도 목포시 옥암동,경상사고,0,0,1,0,차대사람 - 횡단중,신호위반,포장 - 건조,맑음,교차로 - 교차로횡단보도내,승용,여,55세,상해없음,보행자,남,11세,경상
2020110400100066,2020년 11월 4일 07시,수요일,전라남도 무안군 일로읍,사망사고,1,0,0,0,차대사람 - 기타,안전운전불이행,포장 - 건조,맑음,기타 - 기타,화물,남,49세,상해없음,보행자,남,59세,사망
2020110400100175,2020년 11월 4일 09시,수요일,전라남도 광양시 옥곡면,중상사고,0,1,0,0,차대사람 - 차도통행중,안전운전불이행,포장 - 건조,맑음,단일로 - 기타,승용,남,48세,상해없음,보행자,여,87세,중상
2020110400100259,2020년 11월 4일 11시,수요일,전라남도 영암군 삼호읍,중상사고,0,1,0,0,차대사람 - 기타,안전운전불이행,포장 - 건조,맑음,단일로 - 기타,승용,남,64세,상해없음,보행자,남,53세,중상
2020110400100556,2020년 11월 4일 18시,수요일,전라남도 고흥군 두원면,중상사고,0,1,0,0,차대사람 - 횡단중,안전운전불이행,포장 - 건조,맑음,단일로 - 기타,승합,남,69세,상해없음,보행자,여,79세,중상
2020110400100608,2020년 11월 4일 19시,수요일,전라남도 순천시 장천동,중상사고,0,1,0,0,차대사람 - 차도통행중,안전운전불이행,포장 - 건조,맑음,교차로 - 교차로안,승용,남,59세,상해없음,보행자,여,69세,중상
2020110500100122,2020년 11월 5일 08시,목요일,전라남도 여수시 여서동,경상사고,0,0,1,0,차대사람 - 횡단중,보행자보호의무위반,포장 - 건조,맑음,교차로 - 교차로횡단보도내,승용,남,35세,상해없음,보행자,여,30세,경상
2020110500100154,2020년 11월 5일 09시,목요일,전라남도 목포시 옥암동,경상사고,0,0,1,0,차대사람 - 차도통행중,안전운전불이행,포장 - 건조,맑음,교차로 - 교차로부근,화물,남,52세,상해없음,보행자,여,65세,경상
2020110500100191,2020년 11월 5일 10시,목요일,전라남도 구례군 구례읍,부상신고사고,0,0,0,1,차대사람 - 차도통행중,안전운전불이행,포장 - 건조,맑음,교차로 - 교차로부근,승용,남,56세,상해없음,보행자,남,56세,부상신고
2020110500100213,2020년 11월 5일 11시,목요일,전라남도 고흥군 고흥읍,경상사고,0,0,1,0,차대사람 - 길가장자리구역통행중,안전운전불이행,포장 - 건조,맑음,단일로 - 기타,승합,여,52세,상해없음,보행자,남,86세,경상
2020110500100414,2020년 11월 5일 17시,목요일,전라남도 여수시 문수동,경상사고,0,0,1,0,차대사람 - 횡단중,안전운전불이행,포장 - 건조,맑음,단일로 - 기타,승용,남,48세,상해없음,보행자,남,60세,경상
2020110600100008,2020년 11월 6일 00시,금요일,전라남도 강진군 군동면,중상사고,0,1,0,0,차대사람 - 기타,중앙선침범,포장 - 건조,맑음,단일로 - 기타,승용,남,28세,상해없음,보행자,남,26세,중상
2020110600100168,2020년 11월 6일 10시,금요일,전라남도 순천시 덕암동,중상사고,0,1,0,0,차대사람 - 차도통행중,안전운전불이행,포장 - 건조,맑음,단일로 - 기타,화물,남,33세,상해없음,보행자,남,75세,중상
2020110600100450,2020년 11월 6일 18시,금요일,전라남도 여수시 신기동,경상사고,0,0,1,0,차대사람 - 길가장자리구역통행중,안전운전불이행,포장 - 건조,맑음,단일로 - 기타,승용,여,47세,상해없음,보행자,여,40세,경상
2020110600100453,2020년 11월 6일 18시,금요일,전라남도 무안군 삼향읍,경상사고,0,0,1,0,차대사람 - 횡단중,신호위반,포장 - 건조,맑음,교차로 - 교차로안,승합,남,43세,상해없음,보행자,여,50세,경상
2020110600100550,2020년 11월 6일 20시,금요일,전라남도 목포시 상동,사망사고,1,0,0,0,차대사람 - 기타,안전운전불이행,포장 - 건조,맑음,단일로 - 기타,승합,남,42세,상해없음,보행자,여,65세,사망
2020110600100588,2020년 11월 6일 21시,금요일,전라남도 순천시 풍덕동,경상사고,0,0,1,0,차대사람 - 횡단중,안전운전불이행,포장 - 건조,맑음,교차로 - 교차로안,승용,남,57세,상해없음,보행자,여,57세,경상
2020110700100056,2020년 11월 7일 03시,토요일,전라남도 목포시 산정동,중상사고,0,1,0,0,차대사람 - 횡단중,안전운전불이행,포장 - 건조,기타,교차로 - 교차로안,화물,남,62세,기타불명,보행자,남,50세,중상
2020110700100604,2020년 11월 7일 20시,토요일,전라남도 순천시 별량면,사망사고,1,0,0,0,차대사람 - 횡단중,안전운전불이행,포장 - 건조,맑음,교차로 - 교차로부근,승용,남,38세,상해없음,보행자,남,81세,사망
2020110800100018,2020년 11월 8일 00시,일요일,전라남도 나주시 금천면,경상사고,0,0,1,0,차대사람 - 길가장자리구역통행중,안전운전불이행,포장 - 젖음/습기,안개,단일로 - 기타,승용,남,25세,상해없음,보행자,남,16세,경상
2020110800100188,2020년 11월 8일 12시,일요일,전라남도 강진군 마량면,경상사고,0,0,2,0,차대사람 - 횡단중,불법유턴,포장 - 건조,맑음,단일로 - 기타,승용,남,48세,상해없음,보행자,남,62세,경상
2020110800100222,2020년 11월 8일 13시,일요일,전라남도 구례군 산동면,중상사고,0,1,0,0,차대사람 - 기타,안전운전불이행,포장 - 건조,맑음,단일로 - 기타,승용,여,38세,상해없음,보행자,여,42세,중상
2020110800100272,2020년 11월 8일 14시,일요일,전라남도 해남군 송지면,부상신고사고,0,0,0,1,차대사람 - 기타,안전운전불이행,포장 - 건조,맑음,단일로 - 기타,화물,남,73세,기타불명,보행자,남,82세,부상신고
2020110800100488,2020년 11월 8일 19시,일요일,전라남도 구례군 구례읍,중상사고,0,1,0,0,차대사람 - 횡단중,안전운전불이행,포장 - 건조,맑음,단일로 - 기타,승용,남,35세,상해없음,보행자,남,51세,중상
2020110900100109,2020년 11월 9일 08시,월요일,전라남도 신안군 암태면,경상사고,0,0,1,0,차대사람 - 기타,보행자보호의무위반,포장 - 건조,맑음,단일로 - 기타,승용,여,65세,상해없음,보행자,여,64세,경상
2020110900100203,2020년 11월 9일 10시,월요일,전라남도 목포시 석현동,경상사고,0,0,1,0,차대사람 - 기타,안전운전불이행,포장 - 건조,맑음,단일로 - 기타,승합,남,55세,상해없음,보행자,여,54세,경상
2020110900100278,2020년 11월 9일 12시,월요일,전라남도 목포시 보광동1가,경상사고,0,0,1,0,차대사람 - 횡단중,보행자보호의무위반,포장 - 건조,맑음,교차로 - 교차로부근,승용,남,61세,상해없음,보행자,남,82세,경상
2020110900100319,2020년 11월 9일 13시,월요일,전라남도 순천시 연향동,중상사고,0,1,1,0,차대사람 - 횡단중,보행자보호의무위반,포장 - 건조,맑음,교차로 - 교차로횡단보도내,승용,남,63세,상해없음,보행자,남,9세,중상
2020110900100321,2020년 11월 9일 13시,월요일,전라남도 보성군 득량면,경상사고,0,0,1,0,차대사람 - 차도통행중,안전운전불이행,포장 - 건조,맑음,교차로 - 교차로안,화물,남,47세,상해없음,보행자,여,71세,경상
2020111000100169,2020년 11월 10일 09시,화요일,전라남도 보성군 벌교읍,경상사고,0,0,1,0,차대사람 - 횡단중,보행자보호의무위반,포장 - 건조,맑음,교차로 - 교차로횡단보도내,화물,남,59세,상해없음,보행자,여,79세,경상
2020111000100444,2020년 11월 10일 16시,화요일,전라남도 순천시 생목동,중상사고,0,1,0,0,차대사람 - 기타,보행자보호의무위반,포장 - 건조,맑음,단일로 - 기타,승합,여,42세,상해없음,보행자,여,15세,중상
2020111000100660,2020년 11월 10일 20시,화요일,전라남도 목포시 옥암동,중상사고,0,1,0,0,차대사람 - 기타,안전운전불이행,포장 - 건조,맑음,교차로 - 교차로안,승용,남,70세,상해없음,보행자,여,46세,중상
2020111100100156,2020년 11월 11일 09시,수요일,전라남도 순천시 남정동,부상신고사고,0,0,0,1,차대사람 - 횡단중,보행자보호의무위반,포장 - 건조,맑음,교차로 - 교차로부근,승용,여,45세,상해없음,보행자,남,80세,부상신고
2020111100100199,2020년 11월 11일 10시,수요일,전라남도 목포시 용당동,경상사고,0,0,1,0,차대사람 - 기타,안전운전불이행,포장 - 건조,맑음,단일로 - 기타,승용,남,45세,상해없음,보행자,남,74세,경상
2020111100100201,2020년 11월 11일 10시,수요일,전라남도 고흥군 고흥읍,경상사고,0,0,1,0,차대사람 - 기타,안전운전불이행,포장 - 건조,맑음,단일로 - 기타,승용,여,61세,상해없음,보행자,여,65세,경상
2020111100100565,2020년 11월 11일 18시,수요일,전라남도 여수시 신기동,경상사고,0,0,1,0,차대사람 - 보도통행중,기타,포장 - 건조,맑음,단일로 - 기타,원동기,남,28세,상해없음,보행자,남,20세,경상
2020111100100567,2020년 11월 11일 18시,수요일,전라남도 강진군 칠량면,중상사고,0,1,0,0,차대사람 - 횡단중,안전운전불이행,포장 - 건조,맑음,교차로 - 교차로안,승용,여,21세,상해없음,보행자,남,76세,중상
2020111100100731,2020년 11월 11일 22시,수요일,전라남도 순천시 남내동,중상사고,0,1,1,0,차대사람 - 횡단중,보행자보호의무위반,포장 - 건조,맑음,단일로 - 기타,이륜,남,19세,경상,보행자,남,63세,중상
2020111200100264,2020년 11월 12일 12시,목요일,전라남도 영광군 홍농읍,경상사고,0,0,1,0,차대사람 - 횡단중,안전운전불이행,포장 - 건조,맑음,단일로 - 기타,화물,남,74세,상해없음,보행자,여,77세,경상
2020111200100301,2020년 11월 12일 13시,목요일,전라남도 광양시 중동,경상사고,0,0,1,0,차대사람 - 기타,안전운전불이행,포장 - 건조,맑음,단일로 - 기타,승용,여,47세,상해없음,보행자,남,7세,경상
2020111200100377,2020년 11월 12일 15시,목요일,전라남도 완도군 노화읍,경상사고,0,0,1,0,차대사람 - 횡단중,안전운전불이행,포장 - 건조,맑음,단일로 - 기타,승용,여,37세,상해없음,보행자,여,8세,경상
2020111200100378,2020년 11월 12일 15시,목요일,전라남도 광양시 광양읍,경상사고,0,0,1,0,차대사람 - 기타,안전운전불이행,포장 - 건조,맑음,주차장 - 주차장,승용,남,57세,상해없음,보행자,남,12세,경상
2020111200100627,2020년 11월 12일 20시,목요일,전라남도 목포시 상동,중상사고,0,1,0,0,차대사람 - 차도통행중,안전운전불이행,포장 - 건조,맑음,교차로 - 교차로안,승용,남,46세,상해없음,보행자,남,41세,중상
2020111300100118,2020년 11월 13일 08시,금요일,전라남도 함평군 월야면,중상사고,0,1,0,0,차대사람 - 기타,안전운전불이행,포장 - 건조,맑음,단일로 - 기타,화물,남,58세,상해없음,보행자,남,76세,중상
2020111300100191,2020년 11월 13일 10시,금요일,전라남도 진도군 임회면,경상사고,0,0,1,0,차대사람 - 기타,안전운전불이행,포장 - 건조,맑음,단일로 - 기타,화물,남,43세,상해없음,보행자,남,65세,경상
2020111300100343,2020년 11월 13일 15시,금요일,전라남도 목포시 용당동,경상사고,0,0,1,0,차대사람 - 기타,안전운전불이행,포장 - 건조,맑음,단일로 - 기타,승용,남,77세,상해없음,보행자,남,83세,경상
2020111300100384,2020년 11월 13일 16시,금요일,전라남도 목포시 석현동,중상사고,0,1,0,0,차대사람 - 보도통행중,보행자보호의무위반,포장 - 건조,맑음,기타 - 기타,승용,남,27세,상해없음,보행자,여,42세,중상
2020111300100592,2020년 11월 13일 20시,금요일,전라남도 여수시 문수동,경상사고,0,0,1,0,차대사람 - 길가장자리구역통행중,안전운전불이행,포장 - 건조,맑음,단일로 - 기타,승용,여,62세,상해없음,보행자,남,21세,경상
2020111300100677,2020년 11월 13일 23시,금요일,전라남도 여수시 학동,중상사고,0,1,0,0,차대사람 - 횡단중,안전운전불이행,포장 - 건조,맑음,단일로 - 기타,승용,여,61세,상해없음,보행자,남,28세,중상
2020111400100462,2020년 11월 14일 17시,토요일,전라남도 여수시 공화동,중상사고,0,1,0,0,차대사람 - 횡단중,보행자보호의무위반,포장 - 건조,맑음,단일로 - 기타,승용,남,45세,상해없음,보행자,여,56세,중상
2020111400100463,2020년 11월 14일 17시,토요일,전라남도 여수시 광무동,중상사고,0,1,0,0,차대사람 - 횡단중,신호위반,포장 - 건조,맑음,교차로 - 교차로횡단보도내,화물,남,36세,상해없음,보행자,여,74세,중상
2020111400100553,2020년 11월 14일 19시,토요일,전라남도 순천시 조례동,경상사고,0,0,1,0,차대사람 - 기타,안전운전불이행,포장 - 건조,맑음,단일로 - 기타,승용,여,59세,상해없음,보행자,남,60세,경상
2020111500100280,2020년 11월 15일 16시,일요일,전라남도 장성군 장성읍,중상사고,0,1,0,0,차대사람 - 횡단중,보행자보호의무위반,포장 - 건조,맑음,교차로 - 교차로횡단보도내,승용,남,48세,상해없음,보행자,남,7세,중상
2020111500100301,2020년 11월 15일 17시,일요일,전라남도 고흥군 도양읍,중상사고,0,1,0,0,차대사람 - 횡단중,안전운전불이행,포장 - 건조,맑음,단일로 - 기타,승용,남,62세,상해없음,보행자,남,4세,중상
2020111500100346,2020년 11월 15일 18시,일요일,전라남도 나주시 대호동,중상사고,0,1,0,0,차대사람 - 횡단중,안전운전불이행,포장 - 건조,맑음,단일로 - 기타,이륜,남,20세,상해없음,보행자,여,63세,중상
2020111500100347,2020년 11월 15일 18시,일요일,전라남도 고흥군 금산면,중상사고,0,1,0,0,차대사람 - 기타,안전운전불이행,포장 - 건조,맑음,단일로 - 기타,승용,남,73세,상해없음,보행자,여,69세,중상
2020111600100180,2020년 11월 16일 10시,월요일,전라남도 해남군 해남읍,경상사고,0,0,1,0,차대사람 - 차도통행중,안전운전불이행,포장 - 건조,맑음,단일로 - 기타,승용,여,39세,상해없음,보행자,여,56세,경상
2020111600100181,2020년 11월 16일 10시,월요일,전라남도 해남군 송지면,중상사고,0,1,0,0,차대사람 - 횡단중,안전운전불이행,포장 - 건조,맑음,단일로 - 기타,승합,여,66세,상해없음,보행자,남,79세,중상
2020111600100272,2020년 11월 16일 12시,월요일,전라남도 목포시 상동,경상사고,0,0,1,0,차대사람 - 횡단중,신호위반,포장 - 건조,맑음,교차로 - 교차로횡단보도내,승용,여,30세,상해없음,보행자,여,58세,경상
2020111600100578,2020년 11월 16일 19시,월요일,전라남도 목포시 옥암동,사망사고,1,1,0,0,차대사람 - 횡단중,신호위반,포장 - 건조,맑음,단일로 - 기타,이륜,남,26세,중상,보행자,남,33세,사망
2020111600100608,2020년 11월 16일 20시,월요일,전라남도 해남군 문내면,경상사고,0,0,1,0,차대사람 - 차도통행중,기타,포장 - 건조,맑음,단일로 - 기타,승용,남,49세,상해없음,보행자,여,11세,경상
2020111600100655,2020년 11월 16일 22시,월요일,전라남도 목포시 상동,경상사고,0,0,2,0,차대사람 - 횡단중,신호위반,포장 - 건조,맑음,교차로 - 교차로횡단보도내,이륜,남,20세,경상,보행자,여,16세,경상
2020111700100102,2020년 11월 17일 08시,화요일,전라남도 목포시 용해동,중상사고,0,1,0,0,차대사람 - 기타,안전운전불이행,포장 - 건조,맑음,단일로 - 기타,승용,여,48세,상해없음,보행자,여,63세,중상
2020111700100335,2020년 11월 17일 15시,화요일,전라남도 여수시 여서동,경상사고,0,0,1,0,차대사람 - 횡단중,안전운전불이행,포장 - 건조,맑음,교차로 - 교차로안,승용,여,37세,상해없음,보행자,여,52세,경상
2020111700100489,2020년 11월 17일 18시,화요일,전라남도 순천시 덕월동,중상사고,0,1,0,0,차대사람 - 차도통행중,안전운전불이행,포장 - 건조,맑음,단일로 - 기타,승용,남,33세,상해없음,보행자,여,77세,중상
2020111800100236,2020년 11월 18일 11시,수요일,전라남도 여수시 화치동,경상사고,0,0,1,0,차대사람 - 기타,안전운전불이행,포장 - 건조,맑음,단일로 - 기타,화물,남,40세,상해없음,보행자,여,26세,경상
2020111800100333,2020년 11월 18일 14시,수요일,전라남도 여수시 학동,경상사고,0,0,1,0,차대사람 - 보도통행중,기타,포장 - 건조,맑음,기타 - 기타,승용,여,58세,상해없음,보행자,여,53세,경상
2020111800100369,2020년 11월 18일 15시,수요일,전라남도 화순군 화순읍,중상사고,0,1,0,0,차대사람 - 길가장자리구역통행중,안전운전불이행,포장 - 젖음/습기,비,단일로 - 기타,화물,남,51세,상해없음,보행자,여,70세,중상
2020111800100508,2020년 11월 18일 18시,수요일,전라남도 나주시 남평읍,중상사고,0,1,0,0,차대사람 - 횡단중,안전운전불이행,포장 - 젖음/습기,비,교차로 - 교차로부근,화물,남,62세,상해없음,보행자,여,67세,중상
2020111800100510,2020년 11월 18일 18시,수요일,전라남도 장성군 장성읍,중상사고,0,1,0,0,차대사람 - 횡단중,기타,포장 - 건조,맑음,교차로 - 교차로안,승용,남,32세,상해없음,보행자,여,56세,중상
2020111900100215,2020년 11월 19일 09시,목요일,전라남도 목포시 남교동,중상사고,0,1,0,0,차대사람 - 기타,안전운전불이행,포장 - 건조,맑음,단일로 - 기타,기타불명,기타불명,미분류,기타불명,보행자,여,75세,중상
2020111900100356,2020년 11월 19일 13시,목요일,전라남도 영광군 백수읍,경상사고,0,0,1,0,차대사람 - 차도통행중,안전운전불이행,포장 - 젖음/습기,흐림,단일로 - 기타,화물,남,53세,상해없음,보행자,남,24세,경상
2020111900100388,2020년 11월 19일 14시,목요일,전라남도 나주시 금성동,경상사고,0,0,1,0,차대사람 - 기타,안전운전불이행,포장 - 건조,맑음,단일로 - 기타,승용,남,61세,상해없음,보행자,여,63세,경상
2020111900100674,2020년 11월 19일 22시,목요일,전라남도 신안군 압해읍,사망사고,1,0,0,0,차대사람 - 횡단중,과속,포장 - 건조,맑음,단일로 - 기타,화물,남,51세,상해없음,보행자,여,44세,사망
2020112000100122,2020년 11월 20일 08시,금요일,전라남도 화순군 화순읍,중상사고,0,1,0,0,차대사람 - 기타,안전운전불이행,포장 - 건조,맑음,기타 - 기타,승용,여,38세,상해없음,보행자,여,62세,중상
2020112000100245,2020년 11월 20일 12시,금요일,전라남도 곡성군 석곡면,중상사고,0,1,0,0,차대사람 - 기타,안전운전불이행,포장 - 건조,흐림,교차로 - 교차로안,승용,여,44세,상해없음,보행자,여,77세,중상
2020112000100393,2020년 11월 20일 16시,금요일,전라남도 화순군 화순읍,중상사고,0,1,0,0,차대사람 - 기타,안전운전불이행,포장 - 건조,맑음,교차로 - 교차로안,승합,여,59세,상해없음,보행자,여,71세,중상
2020112000100451,2020년 11월 20일 17시,금요일,전라남도 여수시 율촌면,중상사고,0,1,0,0,차대사람 - 횡단중,신호위반,포장 - 건조,맑음,단일로 - 기타,화물,남,42세,상해없음,보행자,여,60세,중상
2020112000100454,2020년 11월 20일 17시,금요일,전라남도 무안군 삼향읍,경상사고,0,0,2,0,차대사람 - 횡단중,안전운전불이행,포장 - 건조,맑음,교차로 - 교차로안,승용,여,53세,상해없음,보행자,여,14세,경상
2020112100100230,2020년 11월 21일 12시,토요일,전라남도 광양시 성황동,중상사고,0,1,0,0,차대사람 - 차도통행중,안전운전불이행,포장 - 건조,맑음,단일로 - 기타,승용,남,66세,상해없음,보행자,남,57세,중상
2020112100100323,2020년 11월 21일 14시,토요일,전라남도 담양군 창평면,경상사고,0,0,2,0,차대사람 - 기타,안전운전불이행,포장 - 건조,맑음,단일로 - 기타,화물,남,49세,상해없음,보행자,여,63세,경상
2020112100100353,2020년 11월 21일 15시,토요일,전라남도 광양시 중동,경상사고,0,0,1,0,차대사람 - 기타,안전운전불이행,포장 - 건조,맑음,주차장 - 주차장,승용,여,30세,상해없음,보행자,남,59세,경상
2020112200100088,2020년 11월 22일 06시,일요일,전라남도 목포시 용해동,중상사고,0,1,0,0,차대사람 - 횡단중,보행자보호의무위반,포장 - 젖음/습기,비,교차로 - 교차로횡단보도내,승용,남,41세,상해없음,보행자,남,63세,중상
2020112200100288,2020년 11월 22일 17시,일요일,전라남도 화순군 화순읍,경상사고,0,0,1,0,차대사람 - 횡단중,보행자보호의무위반,포장 - 건조,맑음,교차로 - 교차로횡단보도내,승용,여,58세,상해없음,보행자,여,62세,경상
2020112300100396,2020년 11월 23일 16시,월요일,전라남도 광양시 중동,경상사고,0,0,1,0,차대사람 - 횡단중,안전운전불이행,포장 - 건조,맑음,교차로 - 교차로안,승용,남,70세,상해없음,보행자,남,42세,경상
2020112300100501,2020년 11월 23일 18시,월요일,전라남도 목포시 산정동,경상사고,0,0,1,0,차대사람 - 차도통행중,안전운전불이행,포장 - 건조,맑음,교차로 - 교차로안,승용,여,52세,상해없음,보행자,여,72세,경상
2020112300100503,2020년 11월 23일 18시,월요일,전라남도 함평군 대동면,중상사고,0,1,0,0,차대사람 - 길가장자리구역통행중,안전운전불이행,포장 - 건조,맑음,교차로 - 교차로안,승용,남,70세,상해없음,보행자,여,75세,중상
2020112300100504,2020년 11월 23일 18시,월요일,전라남도 영암군 삼호읍,중상사고,0,1,0,0,차대사람 - 길가장자리구역통행중,안전운전불이행,포장 - 건조,맑음,단일로 - 기타,승용,여,30세,상해없음,보행자,여,23세,중상
2020112400100188,2020년 11월 24일 11시,화요일,전라남도 강진군 강진읍,중상사고,0,1,0,0,차대사람 - 기타,안전운전불이행,포장 - 건조,맑음,단일로 - 기타,승용,남,62세,상해없음,보행자,여,65세,중상
2020112400100222,2020년 11월 24일 12시,화요일,전라남도 순천시 왕지동,중상사고,0,1,0,0,차대사람 - 횡단중,보행자보호의무위반,포장 - 건조,맑음,교차로 - 교차로횡단보도내,승용,남,70세,상해없음,보행자,남,14세,중상
2020112400100250,2020년 11월 24일 13시,화요일,전라남도 담양군 창평면,중상사고,0,1,0,0,차대사람 - 기타,안전운전불이행,비포장 - 기타,맑음,교차로 - 교차로부근,화물,남,46세,상해없음,보행자,남,59세,중상
2020112400100371,2020년 11월 24일 16시,화요일,전라남도 나주시 경현동,중상사고,0,1,0,0,차대사람 - 차도통행중,안전운전불이행,포장 - 건조,맑음,단일로 - 기타,원동기,남,55세,상해없음,보행자,남,44세,중상
2020112400100372,2020년 11월 24일 16시,화요일,전라남도 해남군 마산면,중상사고,0,1,0,0,차대사람 - 기타,안전운전불이행,포장 - 건조,맑음,단일로 - 기타,승용,남,60세,상해없음,보행자,여,80세,중상
2020112500100093,2020년 11월 25일 08시,수요일,전라남도 강진군 강진읍,경상사고,0,0,1,0,차대사람 - 차도통행중,안전운전불이행,포장 - 건조,맑음,단일로 - 기타,승용,여,40세,상해없음,보행자,여,61세,경상
2020112500100197,2020년 11월 25일 11시,수요일,전라남도 여수시 학동,경상사고,0,0,1,0,차대사람 - 횡단중,신호위반,포장 - 건조,맑음,교차로 - 교차로부근,승용,남,45세,상해없음,보행자,남,65세,경상
2020112500100233,2020년 11월 25일 12시,수요일,전라남도 구례군 구례읍,중상사고,0,1,0,0,차대사람 - 기타,안전운전불이행,포장 - 건조,맑음,단일로 - 기타,화물,남,57세,상해없음,보행자,여,82세,중상
2020112500100426,2020년 11월 25일 17시,수요일,전라남도 보성군 보성읍,중상사고,0,1,0,0,차대사람 - 기타,안전운전불이행,포장 - 건조,맑음,단일로 - 기타,승용,남,36세,상해없음,보행자,여,79세,중상
2020112500100480,2020년 11월 25일 18시,수요일,전라남도 나주시 금성동,중상사고,0,1,1,0,차대사람 - 횡단중,안전운전불이행,포장 - 건조,맑음,단일로 - 기타,이륜,남,24세,경상,보행자,여,68세,중상
2020112700100048,2020년 11월 27일 06시,금요일,전라남도 진도군 진도읍,중상사고,0,1,0,0,차대사람 - 기타,안전운전불이행,포장 - 건조,맑음,교차로 - 교차로안,승용,여,45세,상해없음,보행자,여,79세,중상
2020112700100253,2020년 11월 27일 14시,금요일,전라남도 목포시 용당동,중상사고,0,1,0,0,차대사람 - 기타,안전운전불이행,포장 - 건조,맑음,교차로 - 교차로부근,승용,남,61세,상해없음,보행자,남,79세,중상
2020112700100467,2020년 11월 27일 18시,금요일,전라남도 고흥군 동강면,중상사고,0,1,0,0,차대사람 - 기타,안전운전불이행,포장 - 건조,맑음,단일로 - 기타,이륜,남,60세,상해없음,보행자,여,58세,중상
2020112700100468,2020년 11월 27일 18시,금요일,전라남도 해남군 삼산면,중상사고,0,1,0,0,차대사람 - 기타,안전운전불이행,포장 - 건조,맑음,단일로 - 기타,승용,남,59세,기타불명,보행자,여,72세,중상
2020112800100118,2020년 11월 28일 10시,토요일,전라남도 구례군 구례읍,경상사고,0,0,1,0,차대사람 - 길가장자리구역통행중,기타,포장 - 건조,맑음,단일로 - 기타,화물,남,44세,상해없음,보행자,남,62세,경상
2020112800100238,2020년 11월 28일 13시,토요일,전라남도 여수시 학동,경상사고,0,0,1,0,차대사람 - 기타,안전운전불이행,포장 - 건조,맑음,교차로 - 교차로안,승용,여,55세,상해없음,보행자,여,53세,경상
2020112800100239,2020년 11월 28일 13시,토요일,전라남도 영암군 금정면,중상사고,0,1,0,0,차대사람 - 횡단중,안전운전불이행,포장 - 건조,맑음,단일로 - 기타,화물,남,80세,상해없음,보행자,여,57세,중상
2020112800100287,2020년 11월 28일 14시,토요일,전라남도 진도군 진도읍,경상사고,0,0,1,0,차대사람 - 차도통행중,안전운전불이행,포장 - 건조,맑음,교차로 - 교차로안,승용,남,40세,상해없음,보행자,남,69세,경상
2020112800100444,2020년 11월 28일 18시,토요일,전라남도 순천시 조례동,경상사고,0,0,1,0,차대사람 - 횡단중,보행자보호의무위반,포장 - 건조,맑음,교차로 - 교차로횡단보도내,승용,남,48세,상해없음,보행자,남,20세,경상
2020112900100302,2020년 11월 29일 18시,일요일,전라남도 목포시 죽교동,경상사고,0,0,1,0,차대사람 - 기타,안전운전불이행,포장 - 건조,맑음,기타 - 기타,이륜,남,36세,상해없음,보행자,남,36세,경상
2020113000100110,2020년 11월 30일 08시,월요일,전라남도 담양군 대전면,경상사고,0,0,1,0,차대사람 - 기타,안전운전불이행,포장 - 건조,맑음,교차로 - 교차로안,승용,여,37세,상해없음,보행자,여,66세,경상
2020113000100443,2020년 11월 30일 17시,월요일,전라남도 장성군 장성읍,경상사고,0,0,1,0,차대사람 - 횡단중,안전운전불이행,포장 - 건조,맑음,교차로 - 교차로부근,승용,남,50세,상해없음,보행자,여,62세,경상
2020113000100502,2020년 11월 30일 18시,월요일,전라남도 강진군 대구면,중상사고,0,1,0,0,차대사람 - 횡단중,안전운전불이행,포장 - 건조,맑음,단일로 - 기타,승용,남,32세,상해없음,보행자,남,63세,중상
2020120100100066,2020년 12월 1일 07시,화요일,전라남도 해남군 해남읍,중상사고,0,1,0,0,차대사람 - 횡단중,안전운전불이행,포장 - 건조,맑음,교차로 - 교차로안,승용,남,25세,상해없음,보행자,여,83세,중상
2020120100100143,2020년 12월 1일 09시,화요일,전라남도 강진군 강진읍,경상사고,0,0,1,0,차대사람 - 횡단중,안전운전불이행,포장 - 건조,맑음,교차로 - 교차로횡단보도내,화물,남,67세,상해없음,보행자,여,63세,경상
2020120100100208,2020년 12월 1일 11시,화요일,전라남도 나주시 이창동,중상사고,0,1,0,0,차대사람 - 기타,안전운전불이행,포장 - 건조,맑음,교차로 - 교차로안,승용,남,71세,상해없음,보행자,남,88세,중상
2020120100100242,2020년 12월 1일 12시,화요일,전라남도 나주시 다도면,사망사고,1,0,0,0,차대사람 - 기타,안전운전불이행,포장 - 건조,맑음,단일로 - 기타,승용,여,63세,상해없음,보행자,여,55세,사망