사고번호,사고일시,요일,시군구,사고내용,사망자수,중상자수,경상자수,부상신고자수,사고유형,법규위반,노면상태,기상상태,도로형태,가해운전자 차종,가해운전자 성별,가해운전자 연령,가해운전자 상해정도,피해운전자 차종,피해운전자 성별,피해운전자 연령,피해운전자 상해정도
2020120100100289,2020년 12월 1일 13시,화요일,전라남도 여수시 둔덕동,중상사고,0,1,0,0,차대사람 - 기타,안전운전불이행,포장 - 건조,맑음,주차장 - 주차장,승용,여,49세,상해없음,보행자,여,52세,중상
2020120100100463,2020년 12월 1일 17시,화요일,전라남도 여수시 여서동,경상사고,0,0,1,0,차대사람 - 횡단중,중앙선침범,포장 - 건조,맑음,단일로 - 기타,승용,여,55세,상해없음,보행자,남,14세,경상
2020120100100509,2020년 12월 1일 18시,화요일,전라남도 목포시 호남동,경상사고,0,0,1,0,차대사람 - 기타,직진우회전진행방해,포장 - 건조,맑음,교차로 - 교차로부근,승용,남,78세,상해없음,보행자,남,82세,경상
2020120100100643,2020년 12월 1일 23시,화요일,전라남도 목포시 용당동,중상사고,0,2,0,0,차대사람 - 횡단중,안전운전불이행,포장 - 건조,맑음,단일로 - 기타,원동기,남,16세,중상,보행자,남,62세,중상
2020120200100077,2020년 12월 2일 08시,수요일,전라남도 여수시 문수동,중상사고,0,1,0,0,차대사람 - 횡단중,안전운전불이행,포장 - 건조,맑음,단일로 - 기타,승용,남,71세,상해없음,보행자,남,30세,중상
2020120200100078,2020년 12월 2일 08시,수요일,전라남도 순천시 조례동,중상사고,0,1,0,0,차대사람 - 기타,안전운전불이행,포장 - 건조,맑음,교차로 - 교차로부근,승용,남,22세,상해없음,보행자,여,69세,중상
2020120200100133,2020년 12월 2일 10시,수요일,전라남도 보성군 보성읍,중상사고,0,1,0,0,차대사람 - 차도통행중,보행자보호의무위반,포장 - 건조,맑음,단일로 - 기타,화물,남,69세,상해없음,보행자,여,80세,중상
2020120200100253,2020년 12월 2일 14시,수요일,전라남도 여수시 미평동,중상사고,0,1,0,0,차대사람 - 길가장자리구역통행중,안전운전불이행,포장 - 건조,맑음,단일로 - 기타,승용,남,69세,상해없음,보행자,여,60세,중상
2020120200100316,2020년 12월 2일 16시,수요일,전라남도 해남군 해남읍,경상사고,0,0,1,0,차대사람 - 횡단중,보행자보호의무위반,포장 - 건조,맑음,단일로 - 기타,승용,남,26세,상해없음,보행자,남,13세,경상
2020120200100427,2020년 12월 2일 18시,수요일,전라남도 화순군 화순읍,중상사고,0,1,0,0,차대사람 - 기타,안전운전불이행,포장 - 건조,맑음,교차로 - 교차로부근,승합,남,58세,상해없음,보행자,남,53세,중상
2020120200100546,2020년 12월 2일 21시,수요일,전라남도 화순군 화순읍,부상신고사고,0,0,0,1,차대사람 - 기타,안전운전불이행,포장 - 젖음/습기,맑음,단일로 - 기타,승용,남,51세,상해없음,보행자,남,15세,부상신고
2020120300100336,2020년 12월 3일 16시,목요일,전라남도 여수시 군자동,경상사고,0,0,1,0,차대사람 - 횡단중,보행자보호의무위반,포장 - 건조,맑음,교차로 - 교차로횡단보도내,승용,남,46세,상해없음,보행자,여,64세,경상
2020120300100434,2020년 12월 3일 18시,목요일,전라남도 담양군 대전면,경상사고,0,0,1,0,차대사람 - 횡단중,안전운전불이행,포장 - 건조,맑음,교차로 - 교차로안,승용,남,52세,상해없음,보행자,남,46세,경상
2020120400100111,2020년 12월 4일 08시,금요일,전라남도 목포시 대의동3가,경상사고,0,0,1,0,차대사람 - 기타,안전운전불이행,포장 - 건조,맑음,교차로 - 교차로안,승용,여,30세,상해없음,보행자,여,70세,경상
2020120400100492,2020년 12월 4일 18시,금요일,전라남도 고흥군 금산면,사망사고,1,0,0,0,차대사람 - 차도통행중,안전운전불이행,포장 - 건조,맑음,단일로 - 기타,승용,남,59세,상해없음,보행자,여,65세,사망
2020120500100085,2020년 12월 5일 09시,토요일,전라남도 목포시 산정동,경상사고,0,0,1,0,차대사람 - 기타,안전운전불이행,포장 - 건조,맑음,단일로 - 기타,승용,남,84세,상해없음,보행자,남,57세,경상
2020120500100115,2020년 12월 5일 10시,토요일,전라남도 고흥군 포두면,경상사고,0,0,1,0,차대사람 - 길가장자리구역통행중,안전운전불이행,포장 - 건조,맑음,단일로 - 기타,화물,남,62세,상해없음,보행자,여,35세,경상
2020120500100425,2020년 12월 5일 18시,토요일,전라남도 장흥군 안양면,중상사고,0,1,0,0,차대사람 - 횡단중,안전운전불이행,포장 - 건조,맑음,단일로 - 기타,승용,여,58세,상해없음,보행자,여,58세,중상
2020120500100557,2020년 12월 5일 23시,토요일,전라남도 여수시 학동,경상사고,0,0,1,0,차대사람 - 차도통행중,안전운전불이행,포장 - 건조,맑음,단일로 - 기타,승용,남,57세,상해없음,보행자,남,38세,경상
2020120600100008,2020년 12월 6일 00시,일요일,전라남도 여수시 학동,경상사고,0,0,1,0,차대사람 - 횡단중,안전운전불이행,포장 - 건조,맑음,교차로 - 교차로부근,승용,남,14세,상해없음,보행자,여,24세,경상
2020120600100281,2020년 12월 6일 17시,일요일,전라남도 나주시 삼영동,경상사고,0,0,1,0,차대사람 - 횡단중,안전운전불이행,포장 - 건조,맑음,교차로 - 교차로안,승용,남,44세,상해없음,보행자,남,49세,경상
2020120600100345,2020년 12월 6일 19시,일요일,전라남도 완도군 보길면,경상사고,0,0,2,0,차대사람 - 기타,안전운전불이행,포장 - 건조,맑음,단일로 - 기타,화물,남,60세,상해없음,보행자,여,69세,경상
2020120700100149,2020년 12월 7일 10시,월요일,전라남도 보성군 벌교읍,중상사고,0,1,1,0,차대사람 - 길가장자리구역통행중,안전운전불이행,포장 - 건조,맑음,교차로 - 교차로안,승용,남,77세,상해없음,보행자,남,68세,중상
2020120700100278,2020년 12월 7일 15시,월요일,전라남도 광양시 중동,중상사고,0,1,0,1,차대사람 - 횡단중,안전운전불이행,포장 - 건조,맑음,교차로 - 교차로안,승용,여,41세,부상신고,보행자,남,76세,중상
2020120700100355,2020년 12월 7일 17시,월요일,전라남도 목포시 옥암동,경상사고,0,0,1,0,차대사람 - 기타,안전운전불이행,포장 - 건조,맑음,단일로 - 기타,승용,남,19세,상해없음,보행자,남,46세,경상
2020120700100356,2020년 12월 7일 17시,월요일,전라남도 여수시 신기동,경상사고,0,0,1,0,차대사람 - 기타,안전운전불이행,포장 - 건조,맑음,단일로 - 기타,화물,남,59세,상해없음,보행자,남,34세,경상
2020120700100444,2020년 12월 7일 19시,월요일,전라남도 여수시 둔덕동,사망사고,1,0,0,0,차대사람 - 횡단중,보행자보호의무위반,포장 - 건조,맑음,단일로 - 기타,승용,여,27세,상해없음,보행자,여,78세,사망
2020120800100083,2020년 12월 8일 08시,화요일,전라남도 순천시 연향동,경상사고,0,0,1,0,차대사람 - 횡단중,보행자보호의무위반,포장 - 건조,맑음,교차로 - 교차로횡단보도내,승용,여,55세,상해없음,보행자,남,7세,경상
2020120800100133,2020년 12월 8일 09시,화요일,전라남도 광양시 광양읍,경상사고,0,0,1,0,차대사람 - 횡단중,안전운전불이행,포장 - 건조,맑음,단일로 - 기타,승용,남,72세,상해없음,보행자,남,63세,경상
2020120800100134,2020년 12월 8일 09시,화요일,전라남도 광양시 진상면,경상사고,0,0,1,0,차대사람 - 기타,안전운전불이행,포장 - 건조,맑음,기타 - 기타,화물,남,62세,상해없음,보행자,여,57세,경상
2020120800100161,2020년 12월 8일 10시,화요일,전라남도 순천시 연향동,중상사고,0,1,0,0,차대사람 - 기타,안전운전불이행,포장 - 건조,맑음,단일로 - 기타,승용,여,57세,상해없음,보행자,여,59세,중상
2020120800100185,2020년 12월 8일 11시,화요일,전라남도 강진군 강진읍,중상사고,0,1,0,0,차대사람 - 기타,안전운전불이행,포장 - 건조,맑음,단일로 - 기타,화물,남,52세,상해없음,보행자,여,78세,중상
2020120800100186,2020년 12월 8일 11시,화요일,전라남도 광양시 광양읍,경상사고,0,0,1,1,차대사람 - 횡단중,보행자보호의무위반,포장 - 건조,맑음,단일로 - 기타,이륜,남,71세,부상신고,보행자,여,78세,경상
2020120800100421,2020년 12월 8일 17시,화요일,전라남도 화순군 청풍면,중상사고,0,2,0,0,차대사람 - 길가장자리구역통행중,안전운전불이행,포장 - 건조,맑음,단일로 - 기타,건설기계,남,48세,상해없음,보행자,여,77세,중상
2020120800100485,2020년 12월 8일 18시,화요일,전라남도 완도군 완도읍,경상사고,0,0,1,0,차대사람 - 기타,안전운전불이행,포장 - 건조,맑음,기타 - 기타,승용,남,54세,상해없음,보행자,남,11세,경상
2020120900100092,2020년 12월 9일 08시,수요일,전라남도 나주시 공산면,경상사고,0,0,1,0,차대사람 - 차도통행중,안전운전불이행,포장 - 건조,맑음,교차로 - 교차로안,승용,남,48세,상해없음,보행자,여,83세,경상
2020120900100137,2020년 12월 9일 09시,수요일,전라남도 영광군 법성면,중상사고,0,1,0,0,차대사람 - 차도통행중,안전운전불이행,포장 - 건조,맑음,단일로 - 기타,승용,여,32세,상해없음,보행자,여,72세,중상
2020120900100138,2020년 12월 9일 09시,수요일,전라남도 강진군 강진읍,경상사고,0,0,1,0,차대사람 - 횡단중,안전운전불이행,포장 - 건조,맑음,교차로 - 교차로안,승용,여,63세,상해없음,보행자,남,73세,경상
2020120900100167,2020년 12월 9일 10시,수요일,전라남도 목포시 산정동,경상사고,0,0,1,0,차대사람 - 차도통행중,안전운전불이행,포장 - 건조,맑음,교차로 - 교차로안,화물,남,53세,상해없음,보행자,남,80세,경상
2020120900100193,2020년 12월 9일 11시,수요일,전라남도 함평군 해보면,중상사고,0,1,0,0,차대사람 - 횡단중,안전운전불이행,포장 - 건조,맑음,교차로 - 교차로안,화물,남,45세,상해없음,보행자,남,88세,중상
2020120900100339,2020년 12월 9일 16시,수요일,전라남도 완도군 완도읍,중상사고,0,1,0,0,차대사람 - 차도통행중,안전운전불이행,포장 - 건조,맑음,단일로 - 기타,화물,여,55세,상해없음,보행자,여,49세,중상
2020120900100424,2020년 12월 9일 18시,수요일,전라남도 나주시 동수동,사망사고,1,0,0,0,차대사람 - 횡단중,안전운전불이행,포장 - 건조,맑음,교차로 - 교차로안,승용,남,22세,상해없음,보행자,여,76세,사망
2020120900100427,2020년 12월 9일 18시,수요일,전라남도 화순군 화순읍,경상사고,0,0,1,0,차대사람 - 보도통행중,안전운전불이행,포장 - 건조,흐림,교차로 - 교차로횡단보도내,화물,남,43세,상해없음,보행자,남,35세,경상
2020121000100228,2020년 12월 10일 14시,목요일,전라남도 목포시 산정동,중상사고,0,1,0,0,차대사람 - 차도통행중,안전운전불이행,포장 - 건조,맑음,교차로 - 교차로안,승용,여,55세,상해없음,보행자,여,59세,중상
2020121000100324,2020년 12월 10일 17시,목요일,전라남도 곡성군 삼기면,중상사고,0,1,0,0,차대사람 - 길가장자리구역통행중,안전운전불이행,포장 - 건조,맑음,단일로 - 기타,승합,남,62세,상해없음,보행자,남,62세,중상
2020121100100558,2020년 12월 11일 21시,금요일,전라남도 순천시 조례동,경상사고,0,0,1,0,차대사람 - 기타,안전운전불이행,포장 - 건조,맑음,기타 - 기타,승용,남,60세,기타불명,보행자,남,33세,경상
2020121200100128,2020년 12월 12일 11시,토요일,전라남도 순천시 풍덕동,중상사고,0,1,0,0,차대사람 - 차도통행중,안전운전불이행,포장 - 건조,맑음,단일로 - 기타,화물,남,68세,상해없음,보행자,남,75세,중상
2020121200100372,2020년 12월 12일 18시,토요일,전라남도 영광군 법성면,중상사고,0,1,0,0,차대사람 - 횡단중,안전운전불이행,포장 - 건조,맑음,단일로 - 기타,승용,남,65세,상해없음,보행자,여,76세,중상
2020121200100416,2020년 12월 12일 19시,토요일,전라남도 목포시 산정동,경상사고,0,0,1,0,차대사람 - 기타,안전운전불이행,포장 - 건조,맑음,교차로 - 교차로안,승용,남,49세,상해없음,보행자,남,74세,경상
2020121200100443,2020년 12월 12일 20시,토요일,전라남도 목포시 상동,경상사고,0,0,1,0,차대사람 - 기타,안전운전불이행,포장 - 건조,흐림,교차로 - 교차로안,승합,남,56세,상해없음,보행자,남,25세,경상
2020121300100021,2020년 12월 13일 02시,일요일,전라남도 목포시 상동,경상사고,0,0,1,0,차대사람 - 기타,안전운전불이행,포장 - 건조,흐림,교차로 - 교차로횡단보도내,승용,남,29세,상해없음,보행자,남,77세,경상
2020121300100174,2020년 12월 13일 14시,일요일,전라남도 목포시 용해동,경상사고,0,0,1,0,차대사람 - 횡단중,보행자보호의무위반,포장 - 건조,맑음,교차로 - 교차로횡단보도내,승용,여,28세,상해없음,보행자,여,59세,경상
2020121400100087,2020년 12월 14일 08시,월요일,전라남도 여수시 학동,중상사고,0,1,1,0,차대사람 - 횡단중,신호위반,포장 - 건조,맑음,단일로 - 기타,승용,남,49세,상해없음,보행자,여,8세,중상
2020121400100228,2020년 12월 14일 13시,월요일,전라남도 목포시 상동,경상사고,0,0,1,0,차대사람 - 기타,안전운전불이행,포장 - 젖음/습기,눈,단일로 - 기타,승용,여,53세,상해없음,보행자,여,63세,경상
2020121400100263,2020년 12월 14일 14시,월요일,전라남도 해남군 북일면,중상사고,0,1,0,0,차대사람 - 기타,안전운전불이행,포장 - 건조,맑음,주차장 - 주차장,승용,남,50세,상해없음,보행자,여,75세,중상
2020121400100332,2020년 12월 14일 16시,월요일,전라남도 나주시 금계동,중상사고,0,1,0,0,차대사람 - 횡단중,안전운전불이행,포장 - 건조,맑음,교차로 - 교차로안,승용,여,59세,상해없음,보행자,여,81세,중상
2020121400100333,2020년 12월 14일 16시,월요일,전라남도 보성군 벌교읍,경상사고,0,0,1,0,차대사람 - 기타,안전운전불이행,포장 - 건조,맑음,단일로 - 기타,승용,남,44세,상해없음,보행자,여,75세,경상
2020121400100421,2020년 12월 14일 18시,월요일,전라남도 여수시 국동,경상사고,0,0,1,0,차대사람 - 길가장자리구역통행중,안전운전불이행,포장 - 건조,맑음,주차장 - 주차장,기타불명,기타불명,미분류,기타불명,보행자,남,23세,경상
2020121500100116,2020년 12월 15일 10시,화요일,전라남도 목포시 상동,중상사고,0,1,0,0,차대사람 - 기타,안전운전불이행,포장 - 서리/결빙,맑음,단일로 - 기타,승용,남,24세,상해없음,보행자,여,68세,중상
2020121500100145,2020년 12월 15일 11시,화요일,전라남도 곡성군 옥과면,경상사고,0,0,5,0,차대사람 - 기타,안전운전불이행,포장 - 건조,맑음,단일로 - 기타,승용,남,19세,상해없음,보행자,여,20세,경상
2020121500100285,2020년 12월 15일 15시,화요일,전라남도 여수시 중앙동,경상사고,0,0,1,0,차대사람 - 횡단중,안전운전불이행,포장 - 건조,맑음,단일로 - 기타,승용,남,50세,상해없음,보행자,남,76세,경상
2020121500100287,2020년 12월 15일 15시,화요일,전라남도 광양시 마동,경상사고,0,0,1,0,차대사람 - 기타,안전운전불이행,포장 - 건조,맑음,교차로 - 교차로안,승용,남,59세,상해없음,보행자,남,39세,경상
2020121500100322,2020년 12월 15일 16시,화요일,전라남도 곡성군 오산면,중상사고,0,1,0,0,차대사람 - 기타,안전운전불이행,포장 - 건조,흐림,단일로 - 기타,승용,여,58세,상해없음,보행자,여,66세,중상
2020121500100412,2020년 12월 15일 18시,화요일,전라남도 완도군 완도읍,중상사고,0,1,0,0,차대사람 - 기타,안전운전불이행,포장 - 건조,맑음,기타 - 기타,승용,남,41세,상해없음,보행자,여,70세,중상
2020121500100557,2020년 12월 15일 22시,화요일,전라남도 여수시 선원동,경상사고,0,0,1,0,차대사람 - 횡단중,안전운전불이행,포장 - 건조,맑음,교차로 - 교차로부근,승용,남,50세,기타불명,보행자,남,38세,경상
2020121600100308,2020년 12월 16일 16시,수요일,전라남도 목포시 서산동,경상사고,0,0,1,0,차대사람 - 기타,안전운전불이행,포장 - 건조,맑음,단일로 - 기타,승용,여,42세,상해없음,보행자,여,14세,경상
2020121600100402,2020년 12월 16일 18시,수요일,전라남도 무안군 무안읍,중상사고,0,1,0,0,차대사람 - 횡단중,안전운전불이행,포장 - 건조,맑음,교차로 - 교차로횡단보도내,승용,여,26세,상해없음,보행자,여,29세,중상
2020121600100552,2020년 12월 16일 22시,수요일,전라남도 화순군 화순읍,중상사고,0,1,0,0,차대사람 - 기타,안전운전불이행,포장 - 건조,맑음,단일로 - 기타,승용,남,33세,상해없음,보행자,남,75세,중상
2020121700100055,2020년 12월 17일 07시,목요일,전라남도 고흥군 봉래면,중상사고,0,1,0,0,차대사람 - 횡단중,안전운전불이행,포장 - 건조,맑음,단일로 - 기타,승용,남,37세,상해없음,보행자,여,81세,중상
2020121700100131,2020년 12월 17일 09시,목요일,전라남도 진도군 의신면,부상신고사고,0,0,0,1,차대사람 - 기타,안전운전불이행,포장 - 건조,맑음,단일로 - 기타,승합,남,58세,상해없음,보행자,여,61세,부상신고
2020121700100167,2020년 12월 17일 10시,목요일,전라남도 여수시 봉산동,중상사고,0,1,0,0,차대사람 - 횡단중,보행자보호의무위반,포장 - 건조,맑음,단일로 - 기타,승용,여,26세,상해없음,보행자,남,76세,중상
2020121700100234,2020년 12월 17일 12시,목요일,전라남도 함평군 함평읍,경상사고,0,0,1,0,차대사람 - 기타,안전운전불이행,포장 - 건조,맑음,단일로 - 기타,승용,남,62세,상해없음,보행자,남,80세,경상
2020121800100141,2020년 12월 18일 10시,금요일,전라남도 고흥군 고흥읍,중상사고,0,1,0,0,차대사람 - 길가장자리구역통행중,안전운전불이행,포장 - 건조,맑음,단일로 - 기타,승용,여,42세,상해없음,보행자,여,70세,중상
2020121800100356,2020년 12월 18일 16시,금요일,전라남도 여수시 신기동,중상사고,0,1,0,0,차대사람 - 횡단중,안전운전불이행,포장 - 건조,맑음,단일로 - 기타,승용,남,32세,상해없음,보행자,남,56세,중상
2020121800100402,2020년 12월 18일 17시,금요일,전라남도 여수시 신기동,사망사고,1,0,0,0,차대사람 - 횡단중,과속,포장 - 건조,맑음,단일로 - 기타,화물,남,63세,상해없음,보행자,여,78세,사망
2020121800100481,2020년 12월 18일 18시,금요일,전라남도 나주시 문평면,경상사고,0,0,1,0,차대사람 - 기타,안전운전불이행,포장 - 건조,맑음,교차로 - 교차로부근,화물,남,55세,상해없음,보행자,남,74세,경상
2020121800100485,2020년 12월 18일 18시,금요일,전라남도 영암군 삼호읍,부상신고사고,0,0,0,1,차대사람 - 기타,안전운전불이행,포장 - 건조,맑음,교차로 - 교차로안,승용,남,56세,상해없음,보행자,남,47세,부상신고
2020121800100676,2020년 12월 18일 22시,금요일,전라남도 여수시 신기동,경상사고,0,0,1,0,차대사람 - 횡단중,안전운전불이행,포장 - 건조,맑음,단일로 - 기타,승용,여,59세,상해없음,보행자,남,62세,경상
2020121900100080,2020년 12월 19일 09시,토요일,전라남도 목포시 죽교동,경상사고,0,0,1,0,차대사람 - 차도통행중,안전운전불이행,포장 - 건조,맑음,기타 - 기타,승용,남,58세,상해없음,보행자,남,36세,경상
2020121900100105,2020년 12월 19일 10시,토요일,전라남도 보성군 벌교읍,경상사고,0,0,1,0,차대사람 - 보도통행중,안전운전불이행,포장 - 건조,맑음,단일로 - 기타,승용,남,67세,상해없음,보행자,여,66세,경상
2020121900100396,2020년 12월 19일 18시,토요일,전라남도 순천시 조례동,경상사고,0,0,2,0,차대사람 - 차도통행중,안전운전불이행,포장 - 건조,맑음,교차로 - 교차로부근,승용,여,45세,상해없음,보행자,여,19세,경상
2020122000100116,2020년 12월 20일 13시,일요일,전라남도 목포시 용당동,경상사고,0,0,1,0,차대사람 - 기타,안전운전불이행,포장 - 건조,맑음,단일로 - 기타,승용,남,47세,상해없음,보행자,남,28세,경상
2020122100100025,2020년 12월 21일 05시,월요일,전라남도 여수시 여서동,경상사고,0,0,1,0,차대사람 - 기타,안전운전불이행,포장 - 건조,맑음,기타 - 기타,승용,남,30세,상해없음,보행자,남,36세,경상
2020122100100577,2020년 12월 21일 20시,월요일,전라남도 고흥군 금산면,경상사고,0,0,1,0,차대사람 - 차도통행중,안전운전불이행,포장 - 건조,흐림,단일로 - 기타,승용,남,61세,상해없음,보행자,남,61세,경상
2020122200100038,2020년 12월 22일 06시,화요일,전라남도 순천시 해룡면,사망사고,1,0,0,0,차대사람 - 횡단중,안전운전불이행,포장 - 건조,맑음,단일로 - 기타,승용,남,63세,상해없음,보행자,남,45세,사망
2020122200100062,2020년 12월 22일 07시,화요일,전라남도 목포시 대양동,경상사고,0,0,1,0,차대사람 - 기타,안전운전불이행,포장 - 건조,맑음,교차로 - 교차로부근,승용,남,55세,상해없음,보행자,여,70세,경상
2020122200100091,2020년 12월 22일 08시,화요일,전라남도 보성군 복내면,경상사고,0,0,1,0,차대사람 - 차도통행중,안전운전불이행,포장 - 건조,맑음,교차로 - 교차로안,이륜,남,71세,상해없음,보행자,여,83세,경상
2020122300100073,2020년 12월 23일 07시,수요일,전라남도 목포시 상동,사망사고,1,0,0,0,차대사람 - 횡단중,보행자보호의무위반,포장 - 건조,맑음,교차로 - 교차로횡단보도내,승용,남,49세,상해없음,보행자,남,55세,사망
2020122300100114,2020년 12월 23일 08시,수요일,전라남도 순천시 연향동,경상사고,0,0,1,0,차대사람 - 기타,안전운전불이행,포장 - 건조,맑음,기타 - 기타,승용,여,47세,상해없음,보행자,남,24세,경상
2020122300100328,2020년 12월 23일 16시,수요일,전라남도 여수시 여서동,중상사고,0,1,0,0,차대사람 - 기타,안전운전불이행,포장 - 건조,맑음,기타 - 기타,승용,남,51세,상해없음,보행자,남,74세,중상
2020122300100454,2020년 12월 23일 18시,수요일,전라남도 영광군 불갑면,사망사고,1,0,0,0,차대사람 - 횡단중,안전운전불이행,포장 - 건조,맑음,교차로 - 교차로안,화물,남,63세,상해없음,보행자,여,79세,사망
2020122300100508,2020년 12월 23일 19시,수요일,전라남도 고흥군 과역면,경상사고,0,0,1,0,차대사람 - 차도통행중,안전운전불이행,포장 - 건조,맑음,단일로 - 기타,기타불명,기타불명,미분류,기타불명,보행자,여,50세,경상
2020122300100546,2020년 12월 23일 20시,수요일,전라남도 여수시 오천동,중상사고,0,1,0,0,차대사람 - 기타,안전운전불이행,포장 - 건조,맑음,단일로 - 기타,승용,남,68세,상해없음,보행자,여,63세,중상
2020122400100091,2020년 12월 24일 08시,목요일,전라남도 강진군 강진읍,중상사고,0,1,0,0,차대사람 - 기타,안전운전불이행,포장 - 건조,맑음,교차로 - 교차로안,승용,남,62세,상해없음,보행자,남,18세,중상
2020122400100354,2020년 12월 24일 16시,목요일,전라남도 순천시 풍덕동,중상사고,0,1,0,0,차대사람 - 기타,안전운전불이행,포장 - 건조,맑음,단일로 - 기타,승용,남,24세,상해없음,보행자,남,66세,중상
2020122400100476,2020년 12월 24일 18시,목요일,전라남도 여수시 교동,중상사고,0,1,0,0,차대사람 - 기타,안전운전불이행,포장 - 건조,맑음,교차로 - 교차로안,승용,여,38세,상해없음,보행자,여,56세,중상
2020122400100477,2020년 12월 24일 18시,목요일,전라남도 화순군 화순읍,중상사고,0,1,0,0,차대사람 - 차도통행중,안전운전불이행,포장 - 건조,맑음,교차로 - 교차로부근,화물,남,71세,상해없음,보행자,남,13세,중상
2020122500100066,2020년 12월 25일 10시,금요일,전라남도 목포시 옥암동,경상사고,0,0,1,0,차대사람 - 기타,기타,포장 - 건조,맑음,기타 - 기타,승용,남,57세,상해없음,보행자,여,79세,경상
2020122500100364,2020년 12월 25일 21시,금요일,전라남도 목포시 옥암동,중상사고,0,1,0,0,차대사람 - 횡단중,보행자보호의무위반,포장 - 건조,맑음,교차로 - 교차로횡단보도내,승용,남,50세,상해없음,보행자,여,43세,중상
2020122600100052,2020년 12월 26일 08시,토요일,전라남도 완도군 금일읍,경상사고,0,0,1,0,차대사람 - 기타,기타,포장 - 건조,맑음,단일로 - 기타,승용,남,27세,상해없음,보행자,남,87세,경상
2020122600100180,2020년 12월 26일 14시,토요일,전라남도 진도군 진도읍,경상사고,0,0,1,0,차대사람 - 기타,안전운전불이행,포장 - 기타,맑음,단일로 - 기타,승용,여,61세,상해없음,보행자,남,56세,경상
2020122700100176,2020년 12월 27일 17시,일요일,전라남도 여수시 둔덕동,사망사고,1,0,0,0,차대사람 - 횡단중,신호위반,포장 - 젖음/습기,비,단일로 - 기타,승용,여,57세,상해없음,보행자,여,61세,사망
2020122700100254,2020년 12월 27일 20시,일요일,전라남도 순천시 서면,경상사고,0,0,1,0,차대사람 - 길가장자리구역통행중,안전운전불이행,포장 - 젖음/습기,비,교차로 - 교차로안,승용,여,41세,상해없음,보행자,남,82세,경상
2020122800100011,2020년 12월 28일 02시,월요일,전라남도 목포시 산정동,중상사고,0,1,0,0,차대사람 - 기타,안전운전불이행,포장 - 기타,맑음,단일로 - 기타,화물,여,45세,상해없음,보행자,남,70세,중상
2020122800100248,2020년 12월 28일 13시,월요일,전라남도 보성군 득량면,경상사고,0,0,1,0,차대사람 - 기타,안전운전불이행,포장 - 건조,맑음,단일로 - 기타,승용,여,76세,상해없음,보행자,여,38세,경상
2020122800100250,2020년 12월 28일 13시,월요일,전라남도 곡성군 입면,중상사고,0,1,0,0,차대사람 - 기타,안전운전불이행,포장 - 건조,맑음,기타 - 기타,승용,여,41세,상해없음,보행자,여,86세,중상
2020122800100251,2020년 12월 28일 13시,월요일,전라남도 무안군 해제면,중상사고,0,1,0,0,차대사람 - 기타,안전운전불이행,포장 - 건조,맑음,기타 - 기타,승용,여,78세,상해없음,보행자,남,57세,중상
2020122800100519,2020년 12월 28일 20시,월요일,전라남도 여수시 웅천동,중상사고,0,1,0,0,차대사람 - 횡단중,보행자보호의무위반,포장 - 건조,맑음,교차로 - 교차로횡단보도내,승용,남,60세,상해없음,보행자,여,47세,중상
2020122900100016,2020년 12월 29일 05시,화요일,전라남도 해남군 산이면,중상사고,0,1,0,0,차대사람 - 기타,안전운전불이행,포장 - 젖음/습기,안개,단일로 - 기타,화물,여,67세,상해없음,보행자,남,75세,중상
2020122900100077,2020년 12월 29일 09시,화요일,전라남도 목포시 상동,경상사고,0,0,1,0,차대사람 - 차도통행중,안전운전불이행,포장 - 건조,맑음,단일로 - 기타,승용,여,30세,상해없음,보행자,남,36세,경상
2020122900100091,2020년 12월 29일 10시,화요일,전라남도 목포시 산정동,경상사고,0,0,1,0,차대사람 - 기타,안전운전불이행,포장 - 건조,맑음,단일로 - 기타,화물,남,60세,상해없음,보행자,남,77세,경상
2020122900100208,2020년 12월 29일 15시,화요일,전라남도 해남군 해남읍,중상사고,0,1,0,0,차대사람 - 횡단중,안전운전불이행,포장 - 건조,맑음,교차로 - 교차로안,화물,남,44세,상해없음,보행자,남,72세,중상
2020122900100234,2020년 12월 29일 16시,화요일,전라남도 여수시 문수동,경상사고,0,0,1,0,차대사람 - 길가장자리구역통행중,안전운전불이행,포장 - 건조,맑음,단일로 - 기타,승용,여,57세,상해없음,보행자,여,52세,경상
2020122900100324,2020년 12월 29일 18시,화요일,전라남도 목포시 상동,중상사고,0,1,0,0,차대사람 - 횡단중,보행자보호의무위반,포장 - 젖음/습기,비,단일로 - 기타,승용,남,60세,상해없음,보행자,여,65세,중상
2020123000100271,2020년 12월 30일 15시,수요일,전라남도 여수시 웅천동,경상사고,0,0,1,0,차대사람 - 횡단중,신호위반,포장 - 건조,맑음,교차로 - 교차로안,승용,여,51세,상해없음,보행자,여,10세,경상
2020123100100344,2020년 12월 31일 17시,목요일,전라남도 순천시 조례동,중상사고,0,1,0,0,차대사람 - 기타,안전운전불이행,포장 - 건조,맑음,단일로 - 기타,승용,여,60세,상해없음,보행자,여,59세,중상